1,2,3,4,5,6,x,y,z,TPC_Rx,TPC_Ry,TPC_Rz,x-real,y-real,z-real
-36.244,-32.808,-28.166,-101.167,-98.659,-131.876,-584.575,307.907,726.981,-0.01,-2.024,-1.045,-584.215,309.68,727.086
-50.265,-49.104,-42.963,-98.992,-89.018,-91.148,-293.969,180.19,910.393,-0.573,-1.295,-0.734,-293.107,181.246,911.362
-25.836,-48.641,-28.911,-97.271,-139.974,-57.986,-403.96,144.007,879.986,-1.311,-1.028,-0.636,-403.157,145.996,880.118
-46.718,-48.043,10.983,-97.116,-81.542,-41.49,-583.354,441.069,648.688,-1.697,-1.649,0.193,-583.148,443.68,648.546
-41.88,-25.648,37.977,-122.984,-85.297,-115.242,-735.772,502.229,146.096,-0.381,-2.762,-0.182,-734.87,505.401,144.472
-27.817,-25.635,26.936,-92.179,-96.956,-102.475,-816.708,317.239,183.779,0.413,3.083,0.181,-816.565,318.947,181.501
0.618,-22.078,-16.072,-99.898,-108.505,-11.901,-822.043,-92.692,508.957,-1.552,-1.674,0.36,-821.39,-91.1113,507.776
24.074,-33.831,-41.614,-109.042,-112.686,-68.239,-442.691,-282.85,805.129,-0.288,-1.48,0.351,-441.743,-280.705,805.78
1.647,-40.756,-32.066,-96.703,-137.301,-126.644,-507.915,-63.603,823.633,-0.025,-1.838,-1.152,-507.356,-62.1346,824.056
-8.502,-31.412,5.715,-98.95,-125.562,-22.106,-831.482,61.411,479.096,-1.608,-1.675,-0.283,-831.152,63.3795,477.46
-19.282,-29.739,5.211,-91.115,-128.436,-128.576,-810.847,221.229,445.274,0.258,-2.838,-1.176,-810.955,222.853,443.205
16.768,-35.346,-23.88,-109.073,-43.708,-167.421,-546.289,-341.374,752.709,1.567,-0.686,-0.066,-544.363,-339.939,753.88
-22.571,-30.728,-11.875,-93.653,-97.391,-124.701,-756.382,206.779,583.28,0.192,-2.409,-0.629,-756.571,208.524,582.549
-16.541,-45.406,-5.593,-106.118,-95.134,-150.741,-658.981,88.764,751.411,0.733,-1.965,-0.94,-658.866,90.2213,751.992
3.347,-46.363,28.518,-102.306,-136.839,-27.083,-771.861,-95.358,515.457,-1.333,-1.81,-0.477,-771.581,-93.1979,514.386
-26.273,-20.296,-6.356,-109.987,-128.285,-38.767,-797.661,328.066,436.672,-1.606,-1.487,-0.528,-796.704,330.211,434.674
-33.626,-30.848,-29.265,-102.553,-125.072,-107.528,-577.693,309.402,716.877,-0.715,-1.857,-1.166,-577.231,311.431,716.341
8.057,-27.35,29.797,-101.61,-135.842,-164.271,-855.45,-172.897,226.015,-1.673,2.045,1.048,-854.116,-171.474,223.651
-29.534,-42.247,52.749,-121.9,-138.408,-90.025,-726.778,355.691,287.031,-0.911,-2.564,-1.305,-724.865,359.026,285.012
-13.329,-34.745,-4.137,-105.404,-119.432,-28.507,-762.739,109.345,612.147,-1.489,-1.488,-0.06,-763.337,109.03,611.595
-25.816,-49.06,4.944,-96.189,-113.439,-50.371,-644.035,225.735,707.288,-1.371,-1.741,-0.327,-644.062,227.894,706.978
26.495,-35.537,54.743,-132.622,-49.907,-160.307,-667.5,-515.51,187.26,1.945,-1.479,0.64,-667.813,-514.306,187.266
13.547,-33.647,18.174,-102.708,-104.718,-78.48,-807.463,-286.469,403.55,-0.036,-2.603,-0.182,-807.38,-285.246,402.677
-43.029,-41.476,-46.026,-97.952,-89.534,-37.012,-373.549,198.029,863.885,-1.092,-0.994,0.149,-372.486,199.39,864.388
-4.65,-48.102,-17.364,-99.923,-80.447,-140.843,-556.798,-78.567,832.811,0.838,-1.653,-0.527,-556.097,-77.5912,833.717
13.172,-48.032,-38.599,-106.221,-112.488,-74.271,-332.855,-157.926,905.253,-0.358,-1.317,0.162,-331.359,-156.147,906.272
-54.991,-45.378,21.102,-97.89,-89.59,-169.457,-537.88,574.648,533.265,0.604,-2.755,-0.745,-537.997,577.536,532.825
11.079,-26.69,58.367,-133.856,-93.879,-96.392,-787.248,-261.169,14.032,0.435,-2.892,-0.082,-787.016,-258.882,12.7195
8.107,-46.553,59.972,-118.144,-131.66,-29.198,-764.654,-165.189,271.241,-1.2,-2.155,-0.589,-763.861,-162.423,270.038
13.246,-40.597,28.676,-105.468,-106.917,-85.948,-784.243,-273.34,420.117,0.118,-2.611,-0.284,-784.303,-271.864,419.393
-37.333,-20.019,42.339,-123.935,-111.606,-96.896,-740.105,463.634,29.94,-0.85,-2.906,-0.647,-737.991,466.714,27.5523
-20.678,-46.893,7.293,-100.358,-92.565,-120.904,-707.292,153.219,668.526,0.186,-2.315,-0.515,-707.558,155.295,668.334
8.935,-49.725,-60.033,-105.262,-97.161,-141.232,-137.399,-121.812,906.311,0.391,-0.908,-0.737,-134.958,-120.435,907.207
-39.075,-49.463,-53.3,-93.043,-114.056,-118.133,-231,89.958,905.568,-0.516,-1.335,-1.253,-230.207,90.9237,906.481
-7.1,-24.261,-36.914,-99.61,-139.733,-132.127,-658.248,34.952,678.732,-0.023,-2.031,-1.382,-657.512,36.7689,678.22
23.582,-25.126,-11.852,-102.044,-104.626,-172.425,-715.563,-409.625,524.373,1.828,-1.55,-0.801,-714.542,-409.292,523.915
-39.045,-40.242,-38.019,-99.533,-118.508,-60.269,-416.857,247.753,838.901,-1.211,-1.089,-0.522,-415.86,250.099,838.793
-54.085,-41.755,-43.691,-96.579,-84.946,-156.664,-344.738,276.92,860.007,0.277,-1.749,-1.554,-344.48,277.813,860.7
13.445,-32.697,-16.272,-103.257,-80.354,-83.959,-681.632,-290.107,660.093,0.241,-2.055,0.386,-681.283,-288.579,660.523
-39.686,-37.877,-4.183,-100.361,-87.405,-69.246,-648.951,390.701,637.252,-1.098,-1.939,-0.127,-648.784,393.088,636.867
-58.544,-22.485,-60.888,-107.341,-84.467,-6.934,-361.26,365.76,748.996,-1.29,-0.537,0.426,-360.12,366.699,748.876
5.311,-38.968,-21.578,-90.408,-139.751,-110.028,-608.354,-103.572,754.276,-0.089,-2.038,-1.051,-608.25,-102.235,754.315
22.038,-28.721,4.703,-97.371,-61.805,-151.627,-730.741,-456.701,440.165,1.761,-1.705,0.349,-728.503,-456.95,439.512
-58.252,-22.507,-21.131,-103.684,-82.967,-103.019,-520.685,613.533,557.682,-0.773,-2.054,-0.587,-520.114,615.907,557.344
-0.015,-32.256,27.6,-108.625,-129.66,-9.088,-861.653,-57.507,326.86,-1.675,-1.695,-0.331,-860.926,-55.3301,325.142
-17.239,-27.469,3.534,-96.224,-109.568,-100.625,-841.714,174.726,424.484,-0.272,-2.634,-0.611,-841.857,176.178,422.86
-17.34,-24.91,15.034,-105.791,-114.456,-128.725,-871.228,192.225,308.719,0.39,-2.801,-0.839,-870.979,194.004,306.724
18.662,-32.18,16.571,-101.814,-93.744,-7.156,-779.832,-374.136,391.495,-1.479,-2.322,0.467,-779.337,-372.809,390.744
-36.351,-28.989,-29.193,-96.567,-112.024,-6.865,-600.395,343.99,680.916,-1.819,-0.783,0.147,-599.91,345.489,680.228
-48.618,-30.302,-56.371,-95.881,-84.954,-134.413,-396.338,273.34,792.759,0.018,-1.657,-1.205,-395.694,273.994,793.305
24.618,-43.314,-61.084,-105.634,-133.448,-27.164,-174.456,-137.734,871.831,-1.008,-0.741,0.94,-172.58,-135.396,872.134
-20.745,-30.3,6.328,-105.704,-89.487,-23.906,-834.168,197.361,459.751,-1.702,-1.808,0.36,-833.897,199.381,458.411
16.958,-36.328,-43.175,-98.998,-120.504,-75.929,-446.034,-206.721,818.724,-0.368,-1.55,-0.001,-444.823,-205.125,819.222
-30.547,-48.026,-49.191,-100.236,-114.456,-34.77,-277.591,76.449,906.35,-1.112,-0.661,0.101,-276.232,77.9495,906.73
-39.548,-23.162,-32.975,-94.806,-125.827,-127.995,-589.014,406.69,631.795,-0.461,-2.273,-1.412,-588.648,408.434,630.975
24.783,-26.963,-41.169,-103.616,-112.942,-143.504,-524.183,-327.268,728.093,0.857,-1.531,-0.709,-522.958,-326.382,728.605
-52.551,-30.342,-22.474,-94.534,-80.266,-34.955,-537.654,498.404,651.739,-1.663,-1.343,0.21,-537.526,499.995,651.637
11.654,-32.711,5.89,-97.651,-117.275,-101.035,-794.742,-237.819,488.681,0.307,-2.465,-0.593,-794.82,-236.506,487.759
26.841,-36.45,34.834,-121.856,-40.877,-149.24,-673.07,-534.124,360.078,1.755,-1.426,0.799,-672.976,-533.113,360.809
-25.572,-29.702,4.846,-96.365,-123.631,-166.697,-786.325,304.763,454.71,-0.999,2.628,1.139,-786.562,306.514,452.655
-11.814,-33.927,-41.966,-90.742,-111.962,-82.884,-548.662,34.316,780.565,-0.561,-1.715,-0.401,-548.046,35.5926,780.707
-55.54,-33.377,-69.986,-100.351,-85.014,-111.989,-266.397,182.399,823.626,-0.275,-1.203,-1.139,-265.405,182.67,823.89
25.357,-23.573,-73.735,-100.885,-43.651,-61.24,-256.394,-308.439,755.251,0.715,-1.292,1.286,-252.002,-307.327,756.297
-23.499,-29.378,-13.8,-102.847,-116.564,-126.602,-735.017,239.961,602.92,-0.022,-2.304,-1.074,-734.898,241.888,601.824
-25.322,-40.77,25.567,-94.308,-91.332,-129.49,-784.231,251.072,423.326,0.349,-2.829,-0.288,-784.7,253.207,422.076
14.275,-25.008,-33.029,-91.553,-105.938,-31.566,-665.118,-259.105,642.587,-0.947,-1.891,0.481,-664.104,-258.001,642.217
-28.86,-35.53,31.477,-122.582,-113.193,-160.119,-788.591,345.721,359.512,0.817,-2.708,-1.084,-787.862,348.409,357.364
-51.668,-22.202,31.724,-132.824,-81.448,-9.338,-656.515,632.596,168.958,-2.344,-1.1,0.386,-654.654,635.184,167.42
1.633,-30.736,-20.46,-102.671,-106.564,-39.652,-720.308,-106.866,661.757,-0.993,-1.757,0.289,-719.604,-105.144,661.313
18.784,-29.245,-58.805,-94.077,-130.281,-145.553,-401.546,-195.8,785.077,0.462,-1.571,-1.033,-400.04,-194.598,785.856
-5.756,-45.082,-73.641,-94.045,-102.164,-156.554,-136.636,-78.574,856.624,0.363,-1.028,-1.25,-134.304,-78.0006,857.545
-10.443,-22.853,-22.205,-98.712,-107.174,-23.018,-789.947,58.65,561.26,-1.488,-1.594,0.236,-789.299,60.3306,560.214
17.904,-20.412,-49.233,-98.93,-113.495,-96.485,-573.17,-265.72,682.38,0.08,-1.756,-0.215,-571.949,-264.332,682.185
-7.473,-31.261,-34.376,-93.462,-134.014,-149.609,-615.357,27.937,733.711,0.393,-2.101,-1.476,-615.069,29.3297,733.455
-51.056,-36.241,-48.1,-103.415,-89.531,-22.344,-368.442,280.724,835.012,-1.234,-0.741,0.246,-367.37,282.031,835.277
-0.51,-33.502,-40.754,-94.763,-91.007,-129.061,-560.189,-103.157,777.881,0.581,-1.693,-0.513,-559.216,-102.366,778.665
-56.336,-41.154,-47.678,-98.351,-87.898,-9.058,-313.96,268.499,864.537,-1.344,-0.56,0.38,-313.203,269.559,864.781
-42.791,-46.389,-70.264,-103.821,-84.989,-77.197,-165.765,-5.2,872.064,-0.332,-0.81,-0.451,-163.793,-4.61636,872.304
6.473,-26.727,-73.328,-91.98,-98.103,-149.051,-357.583,-138.896,775.457,0.661,-1.252,-0.861,-355.373,-138.259,776.27
16.898,-43.366,-14.2,-92.38,-49.654,-0.502,-546.099,-336.493,761.97,-1.045,-2.32,1.7,-544.674,-335.45,762.892
-16.169,-46.885,-56.968,-90.847,-109.218,-5.379,-260.763,-10.018,890.834,-1.218,-0.629,0.791,-258.951,-8.86561,891.322
-44.877,-49.977,-41.429,-99.938,-83.642,-3.691,-314.023,145.298,914.939,-1.238,-0.669,0.681,-312.863,146.588,915.631
-19.583,-21.157,-10.222,-91.75,-138.621,-172.654,-807.165,236.054,452.544,-1.033,2.325,1.297,-808.206,236.614,450.136
-40.304,-45.804,3.405,-107.523,-82.718,-2.016,-614.303,363.091,698.864,-1.902,-1.012,0.63,-613.726,365.581,698.383
-51.768,-40.693,-39.147,-108.041,-81.773,-108.534,-379.173,285.317,856.663,-0.307,-1.465,-0.897,-378.205,286.502,857.399
-23.86,-32.563,9.64,-100.866,-108.113,-141.946,-803.257,262.797,457.966,0.539,-2.687,-0.853,-803.469,264.682,456.669
-54.785,-42.935,-43.499,-108.31,-81.726,-16.555,-323.939,248.617,881.769,-1.132,-0.689,0.374,-322.791,249.859,882.07
-40.723,-45.515,-34.125,-107.337,-85.683,-10.439,-407.407,198.004,881.501,-1.248,-0.791,0.61,-405.989,199.917,881.956
-0.63,-32.769,-70.628,-107.429,-95.672,-112.824,-289.289,-97.903,823.423,0.112,-1.037,-0.421,-286.944,-96.6464,824.026
-26.395,-48.676,-58.357,-101.486,-115.307,-121.405,-199.414,16.302,901.409,-0.371,-1.136,-1.129,-197.9,17.4061,902.098
8.639,-20.724,8.716,-98.784,-121.811,-142.338,-873.578,-200.305,289.135,1.325,-2.54,-0.948,-872.686,-198.908,286.899
29.314,-22.57,4.572,-98.485,-119.967,-4.436,-734.652,-491.676,351.581,-1.294,-2.098,0.137,-733.743,-490.687,350.602
-25.529,-30.468,-8.037,-102.788,-123.618,-104.718,-736.365,280.435,579.41,-0.544,-2.25,-1.025,-736.243,282.644,578.511
25.378,-26.414,11.092,-105.743,-114.899,-146.522,-760.738,-444.457,366.511,1.607,-2.094,-0.753,-760.143,-443.956,365.501
-32.298,-22.842,49.786,-136.528,-106.509,-92.557,-770.399,383.948,34.002,-0.8,-2.738,-0.538,-767.989,387.336,31.5967
-19.976,-41.35,45.136,-131.8,-116.936,-17.618,-804.543,214.753,344.482,-1.826,-1.487,-0.144,-803.364,217.929,342.83
-30.408,-20.055,32.972,-139.578,-87.058,-113.82,-839.275,359.678,137.983,-0.123,-2.526,-0.321,-837.984,362.883,136.126
-55.057,-42.516,55.518,-139.475,-89.201,-138.332,-561.011,608.102,278.307,-0.148,-2.65,-0.673,-558.731,612.118,277.132
-16.355,-36.757,29.79,-94.672,-122.889,-113.604,-820.428,172.329,342.223,-0.103,2.991,0.93,-820.539,173.884,340.105
-30.24,-24.723,-25.35,-108.737,-129.515,-86.827,-660.073,318.563,632.493,-1.001,-1.702,-0.975,-659.457,320.565,631.508
-55.272,-46.755,-35.618,-108.24,-88.689,-15.834,-323.029,270.509,895.057,-1.249,-0.613,0.293,-321.947,271.787,895.486
-45.54,-30.304,-49.489,-98.889,-89.684,-130.511,-443.071,294.549,781.756,-0.069,-1.718,-1.142,-442.518,295.34,782.388
-39.108,-40.244,39.124,-130.476,-116.034,-158.998,-695.27,469.662,378.839,0.487,-2.77,-1.24,-693.911,473.051,377.316
20.228,-29.658,-30.597,-101.088,-100.406,-82.469,-596.292,-320.749,703.239,0.088,-1.891,0.161,-595.191,-319.633,703.941
7.845,-42.037,18.317,-106.727,-83.998,-40.631,-775.417,-226.82,530.327,-0.843,-2.368,0.563,-775.524,-225.025,529.986
-58.961,-20.99,-38.48,-109.167,-81.774,-103.7,-461.861,532.061,655.534,-0.604,-1.732,-0.781,-460.886,533.896,655.506
2.358,-38.906,21.895,-105.213,-128.219,-98.431,-816.538,-92.929,466.29,-0.011,-2.49,-0.891,-816.514,-90.9694,464.974
21.81,-28.556,-19.934,-95.504,-59.848,-42.044,-636.167,-417.513,620.313,-0.217,-2.383,1.218,-635.221,-416.451,620.675
-19.366,-32.816,-76.17,-107.412,-124.018,-145.638,-236.247,16.196,806.468,-0.263,-1.139,-1.448,-234.624,17.4933,806.778
19.494,-44.291,-42.833,-101.983,-68.212,-95.422,-315.291,-260.197,882.576,0.614,-1.302,0.472,-312.903,-258.606,884.287
3.633,-32.838,-10.535,-96.389,-81.158,-118.203,-755.436,-170.859,608.237,0.701,-2.151,-0.049,-755.325,-170.012,608.17
17.152,-31.785,-19.447,-90.519,-92.903,-78.575,-665.813,-316.137,641.725,0.087,-2.244,0.217,-665.162,-315.651,642.022
-54.1,-26.83,20.62,-96.702,-88.671,-160.744,-606.428,646.154,264.213,0.441,-2.968,-0.284,-606.281,648.567,262.679
-45.301,-42.803,-35.383,-97.138,-81.32,-97.721,-424.758,255.758,848.904,-0.427,-1.627,-0.575,-423.925,257.334,849.554
-33.631,-39.932,10.113,-100.124,-124.196,-64.645,-686.298,379.889,565.153,-1.399,-1.94,-0.788,-685.794,382.657,563.752
-28.851,-41.244,18.267,-105.225,-108.067,-67.612,-743.961,313.193,519.163,-1.183,-2.16,-0.435,-743.72,315.796,518.049
12.45,-43.154,30.294,-137.517,-87.941,-145.004,-766.559,-285.104,508.661,1.192,-1.744,-0.408,-766.629,-282.777,508.644
-30.095,-35.675,-29.556,-100.683,-136.161,-91.045,-533.447,251.215,770.486,-1.019,-1.579,-1.103,-533.238,253.016,769.956
-22.191,-43.452,-73.065,-102.073,-125.742,-93.948,-140.286,-8.695,847.477,-0.723,-0.779,-0.692,-139.146,-8.04051,847.851
-29.222,-48.08,-25.835,-106.18,-116.738,-63.861,-441.741,164.03,876.406,-1.038,-1.195,-0.405,-441.152,165.567,876.674
-9.863,-39.093,-37.325,-94.138,-102.332,-147.761,-524.596,-2.156,817.939,0.596,-1.751,-1.033,-523.816,-1.15853,818.822
22.032,-25.196,-52.968,-107.077,-53.988,-17.203,-424.842,-342.239,753.791,-0.178,-1.778,1.731,-422.774,-340.3,754.443
-26.445,-42.618,-43.879,-91.333,-121.347,-109.743,-397.058,123.098,859.67,-0.539,-1.621,-1.047,-396.04,124.721,860.448
-28.021,-25.192,-51.185,-104.163,-135.591,-171.857,-494.537,205.979,745.853,0.141,-2.015,-1.985,-493.826,207.731,745.225
-7.506,-21.508,-74.63,-106.526,-86.19,-95.685,-404.173,-62.468,753.418,0.041,-1.176,-0.162,-401.932,-61.2456,753.835
22.831,-31.585,-16.632,-108.227,-103.99,-89.272,-641.483,-367.586,658.609,0.223,-1.956,0.03,-640.935,-366.11,658.977
16.568,-33.831,33.346,-137.677,-84.555,-137.311,-798.972,-360.921,344.993,1.26,-1.926,-0.164,-798.943,-359.117,344.511
-37.109,-41.791,-2.041,-106.939,-138.583,-1.526,-581.65,379.772,699.545,-1.865,-0.412,-0.279,-580.716,382.437,698.114
-50.469,-37.743,27.381,-103.731,-81.648,-79.106,-629.507,570.565,383.973,-1.337,-2.341,-0.006,-629.313,573.577,383.024
-26.37,-42.043,-12.863,-104.033,-127.405,-57.946,-596.032,228.848,758.976,-1.276,-1.406,-0.56,-595.53,231.152,758.426
-48.774,-27.873,47.536,-133.145,-87.737,-135.694,-654.944,574.839,118.34,-0.063,-2.806,-0.388,-653.196,578.194,116.639
-54.273,-41.489,50.591,-136.05,-89.179,-41.049,-575.294,608.695,299.842,-1.952,-1.556,-0.017,-572.97,612.614,298.518
-11.354,-37.025,2.251,-109.315,-137.739,-36.031,-755.97,101.867,612.558,-1.425,-1.409,-0.44,-755.45,104.568,610.711
1.837,-37.096,50.55,-111.889,-135.922,-92.096,-819.751,-77.608,211.456,0.011,-2.77,-1.169,-819.054,-75.2594,209.38
-40.734,-33.434,1.212,-106.563,-82.023,-32.991,-692.646,436.063,549.677,-1.682,-1.569,0.31,-692.307,438.519,548.999
-32.357,-35.52,-62.643,-107.766,-134.634,-46.849,-282.027,117.94,834.442,-1.189,-0.41,-0.27,-280.885,119.684,834.083
-50.498,-42.87,-51.55,-90.382,-82.267,-107.448,-318.451,196.777,869.826,-0.328,-1.512,-0.85,-317.691,197.814,870.543
-34.09,-39.818,-57.598,-100.199,-103.323,-39.64,-318.42,106.419,864.078,-0.991,-0.797,0.1,-317.684,106.323,864.786
7.685,-48.142,-18.109,-101.165,-136.641,-68.52,-505.656,-118.422,844.141,-0.756,-1.559,-0.35,-505.045,-116.286,844.301
-17.891,-26.493,-5.003,-94.182,-100.755,-84.514,-826.733,167.349,472.793,-0.583,-2.456,-0.32,-826.926,168.779,471.768
-20.133,-38.937,10.688,-100.88,-96.364,-80.139,-786.3,180.633,537.795,-0.681,-2.366,-0.211,-786.457,182.829,536.923
7.688,-32.749,-18.657,-106.275,-82.568,-30.565,-690.426,-214.765,681.726,-0.818,-1.898,0.88,-689.934,-212.401,681.506
18.068,-28.287,54.061,-126.476,-98.029,-47.527,-763.056,-353.146,57.679,-0.632,-2.841,-0.035,-762.383,-351.178,56.3028
-46.776,-24.036,16.475,-101.432,-83.555,-124.93,-698.253,568.25,267.225,-0.261,-2.798,-0.185,-698.048,570.591,265.659
-44.607,-40.566,12.732,-94.098,-84.626,-107.193,-647.124,472.616,528.814,-0.579,-2.536,-0.275,-647.502,475.15,528.387
-20.489,-33.025,-43.385,-93.21,-123.262,-122.125,-521.735,126.301,782.1,-0.263,-1.854,-1.156,-521.47,127.161,782.384
10.729,-47.222,4.35,-106.15,-84.585,-12.565,-660.335,-245.015,706.464,-1.2,-1.939,0.978,-660.074,-242.968,706.6
-6.933,-23.186,53.594,-136.965,-121.461,-24.912,-841.128,34.283,17.839,-1.609,-2.036,-0.451,-838.874,37.8107,15.6307
-48.488,-40.292,54.728,-111.045,-89.849,-64.322,-617.675,530.67,195.384,-1.823,-2.416,-0.026,-616.25,534.134,193.82
-37.802,-38.978,-0.478,-101.418,-103.593,-151.132,-651.635,390.764,628.228,0.371,-2.487,-1.1,-651.95,393.113,627.483
8.739,-44.164,58.146,-137.145,-133.396,-26.279,-779.384,-174.194,292.238,-1.262,-1.857,-0.32,-778.313,-170.587,290.909
-3.187,-40.775,30.295,-113.159,-101.449,-80.746,-834.226,-47.678,423.136,-0.349,-2.514,-0.209,-834.191,-45.0788,421.924
-13.669,-20.649,-0.726,-96.936,-127.663,-64.045,-865.8,149.055,369.206,-1.039,-2.263,-0.77,-865.401,150.763,367.039
-19.002,-23.917,-2.361,-94.988,-107.316,-105.405,-842.135,199.456,416.72,-0.193,-2.639,-0.6,-842.284,200.916,415.112
-50.531,-37.878,0.504,-100.763,-84.069,-15.934,-581.378,519.495,603.622,-2.026,-1.127,0.332,-581.436,521.59,603.236
-48.746,-39.293,-6.575,-97.384,-85.715,-48.785,-564.571,467.551,666.05,-1.53,-1.594,0.013,-564.371,469.777,665.923
24.991,-29.452,30.448,-112.852,-113.252,-179.718,-762.472,-441.32,256.271,2.402,-1.674,-0.808,-761.71,-440.316,254.7
-35.254,-49.32,28.258,-102.41,-108.794,-173.362,-672.467,372.727,539.272,1.07,-2.748,-1.01,-672.397,375.425,538.208
-37.352,-32.208,-25.266,-98.953,-81.595,-47.3,-616.375,317.196,700.038,-1.199,-1.579,0.209,-615.755,319.017,699.764
-2.636,-49.603,1.056,-98.576,-92.039,-52.938,-659.183,-76.841,741.08,-0.75,-2.026,0.314,-658.829,-74.6727,741.044
-32.685,-44.922,23.184,-96.498,-81.185,-128.588,-728.215,321.141,507.331,0.19,-2.637,-0.219,-728.69,323.458,506.729
-54.105,-23.479,11.872,-96.76,-82.911,-86.297,-618.723,649.317,289.555,-1.325,-2.464,-0.032,-618.419,651.971,288.149
17.454,-39.184,12.998,-99.575,-92.456,-86.021,-736.434,-343.389,518.99,0.281,-2.503,0.102,-736.413,-342.79,518.984
5.997,-28.236,46.453,-125.407,-127.379,-0.045,-845.113,-149.566,133.126,-1.732,-1.74,-0.276,-843.743,-146.803,131.347
7.463,-32.819,8.488,-95.031,-80.393,-105.178,-812.858,-231.534,456.464,0.572,-2.551,0.177,-812.998,-230.731,455.769
-52.878,-38.807,46.09,-112.332,-82.09,-162.3,-599.329,589.868,251.626,0.515,-2.84,-0.245,-598.782,593.038,250.251
-34.163,-32,-20.342,-102.086,-121.156,-65.503,-620.154,339.759,679.335,-1.269,-1.555,-0.651,-619.724,341.82,678.658
-16.135,-32.309,34.642,-129.237,-98.5,-69.677,-867.785,148.845,292.094,-0.836,-2.345,-0.151,-867.122,151.988,290.563
-47.836,-46.518,15.92,-107.443,-81.616,-166.716,-596.144,476.242,612.747,0.7,-2.381,-0.893,-596.186,478.712,612.861
21.195,-40.492,51.823,-114.014,-81.719,-119.536,-717.695,-409.628,229.415,1.267,-2.613,0.19,-717.179,-408.21,228.203
-2.845,-26.516,26.309,-99.928,-125.941,-22.401,-878.701,-18.459,231.234,-1.559,-2.083,-0.584,-877.963,-16.538,229.421
-16.829,-39.864,-1.01,-105.044,-138.435,-68.28,-703.605,162.424,665.561,-1.108,-1.73,-0.85,-703.181,164.899,664.697
-49.604,-46.753,44.432,-133.114,-83.867,-22.068,-613.787,537.448,424.575,-1.989,-1.27,0.286,-612.383,540.8,424.244
19.014,-21.458,20.209,-93.765,-114.409,-179.716,-814.434,-361.452,186.655,-2.352,1.716,0.584,-812.439,-361.181,184.082
-47.438,-32.831,24.252,-97.304,-85.062,-0.519,-666.642,552.173,324.952,-2.692,-1.085,0.267,-666.214,554.532,323.545
7.101,-39.392,-45.018,-99.039,-139.624,-16.426,-405.025,-97.412,846.262,-1.333,-0.791,0.468,-403.739,-95.5351,846.262
-56.055,-31.056,12.555,-96.755,-83.517,-89.958,-577.063,643.1,399.038,-1.234,-2.396,-0.145,-576.828,645.965,398.025
-0.402,-32.79,32.26,-120.141,-104.053,-32.884,-871.527,-84.253,302.496,-1.305,-2.202,0.06,-871.027,-81.5795,300.954
-12.641,-46.056,31.013,-110.394,-124.656,-66.37,-784.157,110.881,496.392,-0.97,-2.202,-0.667,-783.85,113.693,495.143
12.077,-25.297,13.174,-98.653,-118.15,-60.847,-846.803,-254.207,318.618,-0.502,-2.555,-0.438,-846.328,-253.071,316.957
-4.77,-32.981,-19.182,-90.553,-96.401,-3.233,-724.845,-40.562,655.473,-1.689,-1.56,0.653,-724.371,-39.3185,654.722
29.621,-43.528,-40.297,-109.305,-125.045,-57.184,-311.977,-248.784,878.666,-0.552,-1.288,0.501,-310.705,-246.52,879.499
-38.599,-25.957,26.761,-92.859,-133.476,-114.885,-713.712,500.977,213.233,0.329,2.606,0.913,-713.103,503.325,210.839
-54.331,-25.445,57.571,-137.617,-81.118,-54.641,-583.154,600.991,10.386,-1.984,-2.039,0.158,-580.515,604.778,8.59704
-56.282,-23.451,38.648,-133.342,-87.541,-3.756,-588.844,676.998,127.774,-2.522,-0.872,0.233,-586.51,679.821,126.123
29.397,-33.546,-8.423,-92.669,-93.694,-90.938,-619.677,-469.303,593.877,0.592,-2.291,0.168,-618.805,-469.179,594.589
-19.491,-40.422,24.273,-102.438,-105.123,-65.499,-803.301,190.107,449.061,-1.059,-2.393,-0.314,-803.174,192.667,447.595
-40.291,-49.307,-21.589,-107.763,-86.56,-44.265,-447.399,229.049,874.113,-1.052,-1.199,0.124,-446.114,231.264,874.519
-20.808,-49.971,48.151,-121.62,-106.21,-110.581,-766.912,197.961,413.115,-0.115,-2.623,-0.625,-766.425,201.156,411.862
2.492,-26.736,6.586,-90.943,-128.643,-122.38,-855.179,-96.01,389.217,0.661,-2.695,-1.067,-855.29,-95.1125,387.5
16.625,-49.805,-7.584,-99.199,-88.117,-94.295,-541.002,-279.051,797.761,0.384,-1.945,0.175,-540.347,-277.897,799.182
-2.273,-41.947,6.65,-101.002,-116.122,-167.033,-756.753,-43.817,616.794,1.352,-2.182,-1.151,-756.984,-42.4651,615.728
-39.894,-29.463,-34.101,-103.098,-97.894,-24.316,-558.191,338.487,722.152,-1.494,-1.013,0.2,-557.576,339.657,721.754
-17.875,-22.112,-17.277,-90.978,-119.446,-135.784,-796.808,184.052,504.221,0.386,-2.579,-1.08,-797.016,185.342,502.96
-46.734,-35.084,-8.901,-101.561,-84.729,-76.535,-599.942,465.922,637.057,-1.044,-1.911,-0.229,-599.667,468.147,636.829
-43.46,-29.634,-8.86,-94.953,-85.294,-166.432,-661.622,466.077,548.539,0.772,-2.449,-0.831,-662.035,467.76,548.148
-47.239,-20.433,4.868,-91.481,-88.366,-21.883,-686.905,576.886,291.617,-2.405,-1.532,0.122,-687.06,578.881,289.958
-46.631,-39.528,-55.909,-100.354,-85.148,-133.244,-320.522,169.888,862.882,0.039,-1.408,-1.271,-319.357,170.804,863.555
10.101,-22.984,-17.538,-105.871,-106.469,-15.691,-779.256,-226.686,544.688,-1.298,-1.754,0.554,-778.528,-224.947,543.708
-15.837,-26.717,-67.296,-91.509,-121.848,-17.864,-414.827,49.235,771.817,-1.317,-0.719,0.386,-413.337,50.2914,771.952
24.78,-25.949,-66.934,-96.757,-123.862,-175.865,-349.128,-230.976,771.008,0.909,-1.271,-1.269,-347.344,-229.845,771.745
-27.543,-28.523,-41.862,-100.687,-91.444,-115.707,-582.268,182.439,741.73,-0.046,-1.777,-0.699,-581.633,183.608,742.066
-2.165,-48.341,-32.193,-107.863,-96.995,-31.813,-417.104,-83.791,898.516,-0.822,-1.212,0.718,-415.677,-81.6939,899.442
21.985,-20.689,-71.433,-98.172,-113.85,-55.026,-379.603,-235.182,737.265,-0.503,-1.336,0.536,-377.697,-233.579,737.788
28.152,-43.48,-26.354,-95.957,-41.614,-114.793,-376.976,-396.005,827.503,1.294,-1.257,0.806,-374.441,-394.876,829.373
4.844,-35.417,-56.792,-108.989,-132.692,-41.6,-347.465,-83.003,836.891,-1.023,-0.816,0.349,-345.97,-80.8785,836.914
12.058,-40.609,-71.501,-103.869,-106.16,-89.348,-161.281,-122.671,851.629,-0.165,-0.956,0.073,-158.812,-121.104,852.412
-17.635,-38.489,-75.343,-104.552,-121.364,-65.229,-182.558,-11.502,829.699,-0.789,-0.633,-0.132,-180.837,-10.1696,829.887
21.282,-26.928,-42.805,-94.7,-91.368,-73.445,-537.745,-324.975,718.083,0.062,-1.864,0.441,-536.402,-323.869,719.004
0.69,-21.792,-72.337,-108.408,-116.811,-138.504,-396.871,-76.837,753.158,0.112,-1.278,-0.996,-394.987,-75.3863,753.431
-11.823,-31.875,-33.663,-97.674,-132.762,-21.99,-606.214,72.105,743.169,-1.48,-0.996,0.01,-605.583,73.4128,742.572
-2.854,-28.793,25.468,-109.095,-91.163,-15.811,-886.455,-64.673,276.54,-1.745,-2.187,0.304,-886.174,-62.6207,275.17
-41.693,-44.33,32.289,-110.103,-88.521,-116.536,-680.238,455.261,448.454,-0.335,-2.612,-0.395,-680.008,458.251,447.747
-31.694,-48.928,43.072,-124.976,-102.064,-67.762,-723.61,337.367,450.428,-1.184,-2.122,-0.327,-722.612,340.882,449.473
-21.11,-38.273,59.753,-134.866,-101.773,-45.477,-795.792,206.798,172.524,-1.509,-2.236,-0.155,-794.377,210.501,170.676
-51.491,-30.662,-10.103,-93.421,-80.034,-153.511,-586.846,537.915,569.405,0.351,-2.463,-0.734,-587.206,539.901,568.992
9.416,-41.397,10.725,-98.471,-132.208,-39.682,-748.145,-179.556,582.312,-1.041,-1.943,-0.341,-747.877,-177.701,581.508
1.685,-31.13,-44.177,-106.817,-87.411,-144.452,-537.982,-129.082,785.345,0.775,-1.37,-0.692,-536.523,-127.87,786.108
-14.735,-48.919,30.787,-133.687,-128.959,-48.629,-742.544,135.032,584.556,-1.264,-1.508,-0.394,-741.372,138.594,583.223
21.905,-38.773,-57.308,-98.248,-116.802,-25.084,-286.117,-192.834,854.583,-0.88,-1.107,0.965,-284.317,-190.726,855.321
3.362,-27.856,3.973,-109.06,-91.169,-179.426,-851.178,-158.646,450.526,1.817,-1.742,-0.692,-850.734,-157.867,449.526
-15.27,-41.815,-1.199,-94.002,-120.014,-179.132,-712.346,123.177,660.206,1.373,-2.344,-1.37,-712.184,125.521,659.315
-30.156,-22.885,22.705,-90.639,-120.427,-7.183,-794.282,381.983,185.9,-2.35,-1.553,-0.672,-793.129,383.675,183.338
-44.229,-20.546,-36.26,-91.63,-83.04,-121.736,-607.534,424.315,603.898,-0.161,-2.181,-0.646,-607.555,425.608,603.796
3.887,-34.215,-2.833,-90.849,-125.052,-89.607,-773.921,-115.434,568.93,-0.181,-2.377,-0.714,-774.044,-114.239,567.951
-59.581,-22.76,-19.665,-98.904,-85.134,-145.633,-507.861,634.093,540.426,-0.032,-2.432,-0.93,-507.684,636.256,540.007
-40.605,-47.574,-33.183,-108.705,-81.722,-171.577,-393.418,177.37,896.138,0.7,-1.471,-1.62,-392.526,178.592,896.699
-19.186,-21.748,-74.393,-105.345,-115.252,-134.975,-390.064,57.303,751.381,-0.122,-1.324,-1.224,-388.452,58.3717,751.644
8.204,-26.439,-76.806,-98.352,-119.763,-128.216,-309.147,-113.597,773.902,0.043,-1.28,-0.76,-307.052,-112.323,774.465
-30.773,-33.809,-78.274,-109.752,-92.297,-103.458,-229.224,13.281,813.924,-0.167,-0.845,-0.74,-227.218,13.9784,814.059
-5.587,-26.7,-50.059,-99.504,-89.574,-23.312,-565.53,-55.301,750.422,-0.996,-1.378,0.818,-564.052,-53.7385,750.543
6.4,-43.799,-11.093,-106.172,-97.814,-69.333,-624.662,-169.301,766.703,-0.326,-1.874,0.194,-624.123,-167.24,767.264
-19.129,-26.839,3.004,-107.002,-92.171,-53.803,-850.095,181.576,438.945,-1.141,-2.145,0.093,-849.876,183.617,437.525
-46.62,-33.635,-51.964,-91.311,-83.559,-44.51,-409.413,260.385,805.091,-1.106,-1.189,0.078,-408.44,261.854,805.281
19.885,-43.905,-51.959,-109.048,-93.97,-170.819,-247.358,-199.659,893.872,0.875,-0.807,-0.979,-244.92,-198.155,894.918
-3.36,-22.137,-70.065,-106.451,-110.314,-142.953,-425.259,-55.814,755.051,0.252,-1.316,-1.059,-423.683,-54.3757,755.045
-9.537,-33.015,-73.424,-101.453,-96.098,-55.365,-286.219,-53.808,818.281,-0.497,-0.972,0.338,-283.894,-52.4322,818.884
-6.972,-29.207,-77.247,-95.675,-106.524,-175.864,-305.478,-49.095,789.527,0.625,-1.209,-1.566,-303.728,-48.4786,789.989
23.673,-36.367,-8.746,-95.673,-102.382,-126.925,-641.179,-381.875,641.047,1.042,-2.007,-0.364,-640.741,-381.336,641.325
7.693,-25.907,-0.68,-91.265,-121.76,-90.022,-832.177,-179.766,432.353,-0.005,-2.55,-0.676,-832.07,-178.828,431.148
-30.412,-25.91,-46.561,-97.052,-139.864,-76.489,-514.614,248.212,731.703,-1.219,-1.306,-0.968,-513.421,250.334,731.116
-41.452,-41.703,-51.331,-104.21,-84.108,-138.417,-337.67,141.019,877.617,0.182,-1.369,-1.27,-336.287,142.092,878.346
-4.304,-28.369,0.307,-101.483,-119.278,-8.839,-840.989,-6.674,480.15,-1.717,-1.545,0.047,-840.552,-4.76293,478.525
4.511,-44.857,13.993,-104.744,-132.922,-178.943,-740.061,-112.538,615.187,1.617,-2.114,-1.505,-739.809,-110.368,614.281
-53.555,-22.612,8.097,-93.869,-85.748,-55.505,-620.541,644.312,302.64,-1.94,-2.035,0.032,-620.171,646.818,301.085
-2.114,-31.283,-29.945,-98.358,-134.081,-12.822,-641.49,-28.649,721.153,-1.502,-1.041,0.183,-640.618,-26.7622,720.526
-14.296,-21.748,2.925,-100.784,-109.399,-129.348,-878.952,138.52,352.183,0.475,-2.696,-0.74,-879.053,139.968,350.276
7.118,-30.798,42.861,-132.451,-134.149,-62.114,-846.324,-159.049,221.775,-0.67,-2.244,-0.706,-845.269,-155.876,220.192
-16.712,-40.216,12.747,-97.765,-126.801,-156.139,-771.463,168.153,544.851,0.909,-2.676,-1.29,-771.687,169.827,543.312
16.921,-48.026,23.046,-106.428,-82.406,-163.924,-695.635,-338.262,571.827,1.774,-1.659,-0.294,-695.154,-337.882,572.17
-57.979,-38.009,44.092,-127.57,-83.541,-6.235,-550.913,655.149,289.035,-2.455,-0.897,0.312,-548.8,658.629,287.781
27.198,-48.909,27.575,-92.301,-48.195,-107.326,-596.017,-492.121,533.631,1.185,-2.335,1.045,-595.825,-491.725,534.538
-36.583,-42.321,25.325,-102.725,-108.966,-93.964,-699.731,415.321,468.977,-0.867,-2.549,-0.665,-699.627,418.37,467.842
-47.335,-40.304,40.694,-136.931,-86.74,-162.144,-654.096,540.007,373.591,0.576,-2.469,-0.904,-653.021,543.378,372.965
-38.952,-49.057,6.781,-107.409,-96.34,-174.078,-597.306,353.089,713.977,0.862,-2.268,-1.287,-597.371,355.402,713.952
-38.045,-40.126,-18.149,-97.975,-113.69,-160.126,-549.579,332.719,752.365,0.339,-2.318,-1.512,-549.795,334.53,752.325
-21.287,-45.195,50.998,-136.992,-93.231,-169.031,-797.195,197.127,351.549,1.236,-2.295,-0.798,-796.281,200.621,350.138
-57.081,-32.126,13.243,-108.919,-86.483,-6.467,-561.66,655.424,434.984,-2.343,-0.869,0.275,-560.565,658.1,433.923
-17.604,-35.276,7.281,-105.86,-137.725,-134.511,-776.681,194.967,543.991,0.152,-2.543,-1.469,-776.707,197.155,542.169
-35.362,-46.255,-53.633,-94.955,-118.899,-69.284,-261.916,100.615,891.882,-0.989,-0.94,-0.544,-261.421,101.411,892.48
-9.48,-24.82,-50.238,-98.211,-101.525,-73.991,-585.134,3.394,730.492,-0.515,-1.605,-0.082,-583.873,4.82854,730.697
-56.587,-30.234,1.552,-98.985,-80.663,-115.735,-562.955,629.043,484.636,-0.598,-2.44,-0.407,-562.907,631.789,484.022
-16.4,-42.77,1.386,-94.907,-88.088,-48.657,-732.609,98.041,648.124,-1.116,-2.065,0.258,-732.063,101.277,647.838
2.191,-44.606,18.83,-101.207,-100.496,-137.363,-775.156,-124.962,550.074,1.004,-2.355,-0.543,-775.326,-123.778,549.639
-56.732,-29.655,26.087,-102.43,-86.614,-10.751,-575.644,667.197,270.848,-2.659,-1.091,0.167,-574.625,669.991,269.458
7.696,-36.717,55.289,-134.575,-139.036,-55.308,-806.748,-157.631,211.41,-0.775,-2.192,-0.786,-805.552,-154.204,209.873
3.805,-34.424,-16.333,-103.117,-136.344,-149.063,-686.029,-95.862,692.621,0.618,-2.078,-1.398,-686.063,-94.1711,691.867
24.164,-46.36,-55.839,-108.562,-129.478,-71.272,-174.247,-140.48,893.286,-0.575,-1.018,0.308,-172.319,-138.324,894.086
-33.207,-22.255,-48.814,-99.925,-109.116,-134.001,-557.115,266.059,701.87,-0.09,-1.894,-1.246,-556.553,267.245,701.861
-10.64,-46.817,11.333,-97.93,-139.852,-103.954,-711.259,85.736,652.759,-0.355,-2.312,-1.237,-711.31,88.0115,651.985
9.755,-23.843,-39.233,-90.254,-122.402,-47.08,-649.71,-178.125,663.474,-0.879,-1.751,0.029,-648.707,-176.656,663.465
1.18,-41.216,-45.133,-100.115,-115.753,-34.486,-405.845,-81.996,862.371,-0.984,-1.114,0.478,-404.173,-79.8069,862.739
-55.123,-29.243,-15.285,-97.265,-85.568,-140.938,-537.324,567.517,594.992,-0.04,-2.396,-0.872,-537.277,569.711,594.638
-14.048,-36.413,-6.26,-104.656,-115.507,-85.242,-739.27,108.262,646.403,-0.601,-2.044,-0.568,-739.985,108.374,646.122
-1.518,-30.611,-12.124,-97.955,-111.633,-101.51,-774.268,-59.047,596.028,-0.004,-2.256,-0.544,-774.176,-57.6077,595.466
-27.011,-35.031,29.91,-96.283,-112.441,-18.786,-789.352,313.74,312.084,-2.139,-1.783,-0.403,-788.65,315.995,309.872
-11.188,-47.177,-24.355,-105.873,-131.597,-96.876,-480.095,39.037,864.043,-0.625,-1.546,-0.821,-479.385,40.9589,864.213
-32.895,-47.815,23.803,-104.735,-95.238,-4.399,-700.732,330.87,558.64,-2.152,-1.237,0.289,-700.618,333.184,558.075
6.805,-22.783,39.946,-119.194,-106.74,-30.448,-858.477,-189.85,80.733,-1.282,-2.493,-0.179,-857.787,-187.125,78.9496
26.882,-42.315,16.528,-94.078,-85.909,-43.707,-651.777,-460.639,521.458,-0.43,-2.686,0.514,-651.353,-459.942,521.691
-50.662,-37.559,-43.794,-103.913,-80.237,-86.948,-391.886,283.385,837.096,-0.549,-1.399,-0.544,-390.778,285.13,837.655
-28.568,-40.881,-46.778,-109.434,-82.031,-119.628,-397.774,79.013,873.043,0.137,-1.307,-0.781,-396.051,80.1452,873.976
3.026,-38.394,12.934,-100.095,-111.615,-116.346,-802.704,-122.39,514.133,0.496,-2.492,-0.635,-802.95,-120.983,513.149
-41.603,-42.515,-21.756,-106.428,-80.567,-80.628,-514.326,291.945,809.436,-0.634,-1.618,-0.269,-513.515,294.329,809.741
25.006,-34.843,-5.951,-108.624,-124.081,-120.376,-654.581,-375.62,634.59,0.635,-1.974,-0.677,-654.268,-374.212,634.557
20.128,-25.253,-56.544,-95.706,-63.226,-19.166,-435.455,-315.718,749.452,-0.402,-1.821,1.547,-433.53,-314.013,750.116
-32.485,-28.585,7.942,-98.028,-103.642,-149.829,-774.99,385.794,405.718,0.595,-2.802,-0.763,-775.194,387.734,404.254
23.755,-35.893,33.545,-114.904,-80.836,-127.558,-734.408,-458.207,325.438,1.396,-2.249,0.137,-734.046,-457.41,324.807
-19.006,-22.248,9.009,-99.339,-119.43,-46.761,-863.607,223.69,309.802,-1.458,-2.157,-0.554,-863.002,225.626,307.791
12.314,-31.056,-58.017,-98.616,-103.715,-63.34,-407.57,-180.915,804.469,-0.374,-1.402,0.388,-405.743,-179.608,805.449
-41.024,-35.307,-35.678,-101.839,-81.273,-138.664,-507.692,279.856,788.78,0.243,-1.788,-1.021,-507.062,281.395,789.275
-5.002,-39.126,-7.973,-102.564,-116.256,-41.207,-711.365,-11.449,688.559,-1.154,-1.683,-0.002,-711.024,-9.02017,687.932
-50.941,-26.574,48.077,-117.22,-83.863,-137.867,-626.226,582.162,63.69,-0.07,-2.992,-0.007,-624.936,585.213,61.7876
17.393,-39.291,17.564,-101.948,-66.258,-45.93,-732.933,-379.929,493.016,-0.453,-2.669,0.91,-732.729,-379.032,493.082
14.774,-23.695,18.377,-100.4,-92.289,-4.569,-835.499,-331.115,242.684,-1.695,-2.383,0.276,-834.761,-329.964,241.266
12.845,-48.58,-20.579,-105.164,-84.676,-3.566,-472.287,-228.043,859.888,-1.053,-1.543,1.347,-471.46,-225.875,860.33
-50.08,-31.849,1.161,-104.169,-86.72,-125.442,-615.961,557.247,521.766,-0.281,-2.437,-0.634,-615.968,559.721,520.99
-45.05,-25.748,-17.202,-95.263,-84.225,-0.716,-644.179,477.946,556.592,-2.143,-0.963,0.509,-643.868,479.601,555.734
-6.017,-46.063,-4.647,-96.898,-114.082,-173.83,-661.283,-7.025,737.848,1.285,-2.032,-1.287,-661.219,-5.84034,737.857
-43.644,-31.46,7.385,-99.966,-87.073,-156.186,-689.969,499.921,455.521,0.548,-2.63,-0.632,-690.193,502.344,454.573
-49.399,-33.822,4.652,-103.465,-80.677,-138.182,-627.054,541.817,520.917,0.055,-2.468,-0.59,-627.067,544.345,520.142
-28.542,-47.829,-0.17,-108.872,-101.493,-37.664,-623.201,232.516,750.464,-1.37,-1.41,0.077,-622.705,234.97,750.149
-22.846,-36.361,-47.636,-98.141,-116.854,-114.721,-445.372,109.282,827.896,-0.363,-1.586,-1.005,-444.251,110.851,828.427
-17.262,-27.925,-66.502,-100.967,-91.302,-163.62,-413.145,15.871,791.761,0.659,-1.271,-1.35,-411.316,16.692,792.28
13.138,-30.07,-36.912,-97.599,-102.844,-173.178,-586.211,-230.57,732.426,1.35,-1.431,-1.036,-585.207,-230.057,732.705
-19.735,-41.805,-57.495,-103.3,-98.07,-92.634,-307.967,6.636,877.613,-0.298,-1.152,-0.425,-306.067,7.84938,878.225
-25.632,-41.356,12.194,-96.322,-112.275,-115.434,-739.316,267.169,553.597,-0.166,-2.624,-0.825,-739.504,269.373,552.462
-51.384,-46.237,57.205,-129.332,-89.108,-29.238,-587.052,555.872,294.055,-2.193,-1.484,0.079,-585.597,559.424,293.414
26.329,-34.253,-1.623,-106.279,-54.824,-144.647,-628.784,-486.884,591.378,1.608,-1.38,0.396,-627.079,-486.666,592.155
-50.961,-34.863,-53.852,-98.774,-81.948,-125.16,-362.086,254.466,828.069,-0.087,-1.539,-1.116,-361.531,254.92,828.606
-3.448,-28.117,-36.436,-101.358,-103.468,-113.628,-647.876,-51.539,715.39,0.157,-1.836,-0.544,-647.114,-50.0211,715.473
-6.742,-47.665,5.858,-96.241,-127.343,-162.397,-692.238,21.386,690.911,1.059,-2.34,-1.381,-692.401,23.1505,690.547
-27.057,-26.272,-30.16,-94.534,-118.624,-56.496,-661.207,258.861,651.238,-1.276,-1.59,-0.444,-660.848,260.401,650.51
-49.672,-44.952,-11.061,-96.436,-83.391,-163.018,-502.421,407.383,760.167,0.541,-2.21,-1.146,-502.896,408.737,760.818
19.598,-42.155,-21.449,-109.95,-116.548,-145.058,-515.19,-260.712,810.934,0.75,-1.574,-0.846,-514.636,-259.041,811.794
-28.467,-25.387,-17.912,-96.158,-136.679,-48.123,-703.57,324.758,575.099,-1.539,-1.469,-0.779,-703.067,326.477,573.881
21.499,-30.097,-11.752,-97.849,-134.748,-177.977,-692.866,-328.655,597.864,1.718,-1.778,-1.451,-692.601,-327.757,596.513
-52.658,-41.857,-36.588,-108.888,-81.797,-169.083,-377.524,294.897,860.7,0.527,-1.628,-1.72,-376.811,295.862,861.453
23.04,-40.182,-63.17,-101.023,-95.347,-65.385,-208.315,-199.021,864.424,-0.099,-1.169,0.685,-205.771,-197.27,865.661
5.637,-21.504,-74.033,-102.828,-107.13,-117.47,-391.932,-124.083,749.394,0.108,-1.276,-0.513,-389.863,-122.755,749.936
25.258,-32.322,-15.948,-98.762,-106.262,-109.723,-629.922,-393.166,645.005,0.662,-2.024,-0.244,-629.266,-392.423,645.433
-44.75,-34.784,-38.487,-98.72,-84.028,-109.911,-477.898,307.372,788.96,-0.299,-1.741,-0.741,-477.297,309.004,789.444
10.229,-25.139,-30.756,-102.788,-135.209,-16.704,-672.527,-173.319,661.045,-1.351,-1.245,0.258,-671.727,-171.068,660.148
-55.879,-22.956,-35.413,-93.073,-80.376,-161.005,-502.206,520.998,632.687,0.416,-2.245,-1.126,-502.29,522.252,632.713
-0.24,-33.599,-66.756,-106.616,-100.392,-96.603,-312.952,-93.071,830.674,-0.1,-1.105,-0.205,-310.897,-91.6466,831.215
-44.881,-34.41,-2.244,-91.528,-85.587,-153.743,-641.732,474.738,557.043,0.465,-2.568,-0.673,-642.435,476.685,556.503
-30.756,-38.553,-11.444,-100.894,-123.24,-10.918,-626.165,297.367,703.153,-1.801,-0.848,-0.059,-625.842,299.194,702.355
-13.111,-45.047,-31.076,-96.418,-105.297,-50.544,-492.302,24.443,853.59,-0.922,-1.424,0.119,-491.099,26.2783,854.226
21.517,-32.404,-19.434,-91.282,-88.395,-101.559,-631.645,-369.631,651.092,0.648,-2.119,0.13,-630.89,-369.28,651.666
-58.52,-26.94,12.882,-97.4,-81.226,-122.257,-562.465,683.227,335.71,-0.585,-2.697,-0.221,-562.423,685.95,334.84
-8.05,-49.993,42.096,-129.571,-116.238,-166.121,-782.096,36.043,488.268,1.216,-2.265,-1.194,-781.469,39.2539,486.825
-19.028,-24.297,6.186,-104.083,-137.856,-54.318,-837.504,236.982,389.379,-1.33,-1.928,-0.919,-836.646,239.156,387.474
-19.735,-32.293,13.223,-101.306,-120.486,-36.463,-820.165,221.544,430.726,-1.607,-1.862,-0.442,-819.976,223.49,429.267
7.717,-20.463,56.307,-121.893,-124.195,-166.763,-789.366,-171.865,-66.165,-1.826,1.966,0.624,-790.758,-170.71,-67.8398
25.864,-43.033,-13.421,-100.037,-49.287,-58.998,-488.024,-418.403,767.471,0.412,-2.087,1.323,-486.426,-417.272,768.622
-20.9,-29.159,-11.092,-107.224,-87.297,-129.753,-778.669,175.515,584.871,0.389,-2.156,-0.559,-778.555,177.193,584.351
-51.698,-23.941,26.842,-104.478,-87.762,-50.104,-639.995,626.85,180.181,-2.098,-2.053,0.031,-639.163,629.611,178.434
-30.174,-31.697,13.672,-93.781,-110.689,-13.349,-775.922,357.219,397.19,-2.176,-1.504,-0.238,-775.692,358.997,395.601
13.224,-32.545,-4.748,-91.718,-87.333,-19.363,-747.75,-292.737,550.691,-1.222,-2.282,0.661,-747.232,-291.902,550.489
-28.281,-44.575,24.522,-94.531,-98.097,-150.482,-742.84,287.54,486.857,0.758,-2.772,-0.581,-743.456,289.241,485.836
-42.565,-40.747,38.297,-120.298,-86.583,-97.8,-694.564,481.342,365.358,-0.749,-2.476,-0.25,-694.054,484.647,364.56
-57.459,-35.71,38.048,-117.4,-89.355,-62.387,-554.789,662.413,286.734,-1.829,-2.002,-0.137,-553.305,665.981,285.373
-12.959,-45.713,36.418,-112.336,-98.922,-121.464,-807.679,85.71,436.951,0.37,-2.622,-0.471,-807.828,88.3073,435.882
-39.403,-34.387,42.875,-128.365,-92.806,-54.458,-732.823,464.299,247.219,-1.606,-2.07,-0.084,-731.392,467.873,245.681
-11.187,-40.445,-12.308,-97.899,-127.849,-131.925,-662.271,70.572,727.171,0.158,-2.201,-1.228,-662.223,72.3157,726.878
9.479,-31.525,23.114,-105.805,-102.957,-147.594,-841.769,-233.694,334.246,1.491,-2.368,-0.531,-841.281,-232.689,332.364
-40.743,-35.888,-21.276,-90.27,-81.145,-107.77,-592.075,348.31,703.261,-0.338,-2.135,-0.43,-592.078,350.38,703.298
-48.132,-46.826,-65.079,-108.341,-87.495,-80.025,-181.461,33.411,887.789,-0.391,-0.792,-0.603,-179.734,33.9446,888.148
-22.159,-20.132,-56.883,-97.511,-110.801,-118.657,-560.431,141.675,703.931,-0.188,-1.743,-0.959,-559.822,142.09,703.984
-34.211,-37.311,-47.514,-100.131,-111.522,-99.159,-409.436,182.6,837.676,-0.636,-1.418,-0.881,-408.803,183.766,837.891
-52.3,-42.733,-1.365,-101.69,-85.203,-57.464,-529.268,493.631,682.179,-1.424,-1.633,-0.104,-528.885,496.181,682.145
-7.666,-36.229,-62.46,-97.708,-128.917,-142.745,-323.001,-14.548,836.313,-0.069,-1.474,-1.305,-321.86,-13.3041,836.784
29.537,-45.574,-68.699,-101.845,-71.418,-173.575,-57.973,-188.61,872.07,0.964,-0.267,-0.712,-54.8061,-186.635,872.638
-0.779,-44.011,-25.536,-105.682,-97.998,-96.728,-532.68,-90.933,838.888,-0.018,-1.657,-0.213,-531.69,-89.1333,839.437
-48.532,-30.853,-1.461,-96.662,-88.213,-11.149,-628.07,540.531,511.984,-2.215,-1.114,0.271,-628.076,542.167,511.048
-57.322,-24.287,-54.135,-108.84,-84.615,-135.975,-387.476,387.125,751.925,-0.072,-1.603,-1.38,-386.475,387.925,752.43
3.539,-46.747,-70.279,-93.176,-114.028,-118.523,-125.474,-83.599,867.116,-0.081,-1.109,-0.608,-123.012,-82.6286,868.123
26.025,-29.84,-61,-108.661,-90.131,-121.106,-319.323,-277.348,808.946,0.588,-1.081,-0.077,-316.853,-275.711,809.993
-31.201,-35.106,-24.191,-100.198,-85.671,-60.446,-622.422,241.4,730.175,-0.929,-1.689,0.056,-621.912,243.201,729.989
-11.009,-23.913,-11.813,-106.559,-122.702,-28.46,-816.428,92.239,522.569,-1.479,-1.51,-0.113,-815.751,94.0433,521.255
-55.525,-22.559,-41.254,-107.406,-84.148,-121.008,-471.085,477.683,684.722,-0.309,-1.808,-1.007,-470.287,479.34,684.931
-53.229,-21.896,-13.815,-92.308,-82.978,-76.054,-597.243,598.545,470.156,-1.322,-2.09,-0.14,-597.197,600.631,469.353
-45.996,-45.664,-13.635,-100.685,-81.577,-19.086,-508.411,350.933,790.875,-1.597,-1.101,0.435,-507.924,352.742,791.032
-19.1,-29.214,15.342,-93.602,-128.688,-63.133,-832.459,226.064,357.478,-1.166,-2.392,-0.898,-832.113,227.991,355.73
-21.1,-26.18,-33.834,-107.523,-107.834,-0.738,-659.074,163.894,691.387,-1.607,-0.843,0.579,-658.111,165.387,690.766
-1.591,-49.342,-72.237,-102.579,-89.662,-17.562,-67.662,-107.865,870.383,-0.506,-0.684,1.17,-64.7899,-106.175,871.067
24.608,-27.265,-34.684,-107.901,-87.828,-45.298,-552.531,-377.061,708.181,-0.29,-1.816,0.907,-551.188,-375.179,709.082
9.281,-48.79,32.405,-126.221,-138.969,-81.576,-738.407,-169.307,561.655,-0.436,-2.016,-0.749,-737.926,-166.305,560.703
8.818,-25.196,34.279,-110.676,-137.988,-125.682,-857.109,-182.744,173.195,-0.963,2.687,1.297,-856.19,-181.018,170.649
-50.876,-34.24,-33.871,-102.18,-85.349,-169.457,-464.989,387.368,771.134,0.57,-1.946,-1.517,-465.046,388.232,771.373
-6.628,-24.086,24.338,-93.766,-92.478,-108.31,-885.385,-4.774,184.522,0.315,-3.072,-0.081,-885.416,-3.61473,182.61
-23.218,-26.469,-13.362,-99.379,-108.47,-164.796,-770.075,239.127,550.041,0.946,-2.39,-1.158,-770.142,240.523,548.961
-31.984,-39.517,-56.612,-90.99,-137.002,-153.301,-305.744,133.093,849.798,-0.332,-1.793,-1.849,-305.032,134.62,850.352
0.702,-23.256,-7.444,-97.306,-118.437,-52.335,-845.295,-81.15,458.079,-0.936,-2.162,-0.292,-844.865,-79.5072,456.634
19.486,-33.524,9.355,-99.523,-88.794,-61.599,-750.575,-384.347,468.191,-0.19,-2.584,0.347,-750.397,-383.264,467.682
16.491,-21.254,-30.702,-98.474,-126.817,-138.097,-693.711,-268.261,601.412,0.776,-1.98,-0.997,-692.969,-267.709,601.097
-38.302,-42.993,-44.061,-96.963,-97.331,-56.826,-379.613,173.71,870.156,-0.958,-1.158,-0.166,-378.642,174.806,870.649
-48.252,-45.484,-29.654,-92.583,-82.836,-76.791,-421.16,291.755,845.753,-0.836,-1.588,-0.326,-420.796,292.982,846.629
-34.65,-21.257,-19.284,-106.214,-106.873,-150.207,-716.265,390.598,533.771,0.346,-2.384,-1.195,-716.151,392.419,532.83
-23.094,-30.695,-12.74,-90.16,-101.115,-4.279,-748.782,217.003,582.044,-1.987,-1.312,0.3,-748.854,218.231,581.325
11.248,-26.383,34.913,-125.404,-133.949,-163.486,-851.922,-223.621,209.766,-1.708,2.274,1.324,-850.512,-221.237,207.31
21.011,-47.057,37.159,-126.321,-100.623,-157.338,-711.887,-375.299,479.894,1.605,-1.786,-0.605,-711.797,-373.602,479.616
-23.281,-31.776,52.146,-119.12,-101.933,-158.533,-803.172,243.751,111.341,-1.163,2.848,0.39,-803.724,245.607,109.652
15.471,-49.636,46.998,-131.58,-115.757,-80.295,-737.563,-281.446,443.805,-0.095,-2.289,-0.304,-737.51,-278.308,443.038
-46.207,-30.184,10.708,-108.347,-88.338,-92.118,-677.578,544.025,426.442,-0.928,-2.33,-0.315,-677.222,546.77,425.522
4.644,-42.526,10.557,-103.499,-88.382,-13.682,-758.629,-174.48,593.475,-1.43,-2.01,0.701,-758.365,-172.726,593.243
13.219,-27.873,-25.534,-102.431,-93.127,-9.972,-679.464,-267.728,654.989,-1.204,-1.761,0.967,-678.464,-266.103,654.925
-37.491,-46.817,-78.868,-102.094,-130.798,-65.551,-60.548,-23.244,826.821,-0.95,-0.257,-0.47,-58.6215,-21.7547,827.132
1.705,-25.474,21.312,-104.573,-90.451,-153.979,-886.502,-136.201,252.775,1.548,-2.397,-0.25,-885.905,-135.392,251.014
-11.366,-47.51,32.525,-139.742,-112.583,-176.864,-774.684,75.681,556.947,1.175,-1.988,-1.396,-774.115,79.0634,555.59
29.059,-26.762,22.503,-100.764,-56.745,-169.15,-692.748,-562.963,267.713,2.173,-1.443,0.564,-692.507,-563.05,268.23
-25.869,-33.084,-51.008,-97.816,-98.127,-152.393,-469.601,119.023,807.984,0.414,-1.644,-1.302,-468.631,119.719,808.623
1.789,-33.739,10.25,-101.606,-89.707,-54.309,-833.294,-136.724,468.314,-0.739,-2.441,0.269,-833.434,-135.084,467.459
-42.232,-42.24,17.993,-90.171,-86.741,-54.311,-663.443,446.929,499.867,-1.689,-2.121,0.047,-663.559,449.48,499.094
-6.492,-22.146,-33.359,-109.201,-122.38,-74.627,-710.158,14.932,645.114,-0.719,-1.665,-0.405,-709.203,17.0564,644.109
-9.528,-43.279,34.877,-136.139,-92.459,-89.476,-824.971,30.271,467.14,-0.215,-2.181,-0.132,-824.615,34.0715,466.229
-55.616,-32.282,50.597,-138.78,-83.876,-19.245,-580.754,637.5,170.529,-2.319,-1.216,0.237,-578.157,640.752,168.951
8.441,-36.193,40.72,-136.637,-108.313,-114.526,-834.265,-209.161,314.678,0.541,-2.352,-0.511,-834.182,-205.918,313.221
-6.608,-32.915,54.333,-115.435,-124.159,-76.715,-822.405,30.546,115.627,-0.531,-2.86,-0.881,-821.248,33.4849,113.359
-23.006,-35.374,59.797,-121.926,-118.688,-134.411,-769.931,249.762,113.889,-0.491,2.845,0.716,-768.713,252.626,111.65
-4.067,-39.82,8.755,-96.571,-137.089,-94.717,-772.541,5.072,576.699,-0.331,-2.346,-1.076,-772.626,7.11085,575.277
-44.84,-25.545,29.654,-101.827,-86.289,-135.44,-704.759,537.434,175.617,0.025,-2.997,-0.072,-704.327,540.085,173.655
11.744,-42.856,24.537,-94.875,-126.134,-24.215,-767.168,-222.506,477.326,-1.244,-2.089,-0.301,-766.818,-221.161,476.537
24.698,-28.802,-3.239,-93.944,-95.342,-49.66,-710.301,-439.43,490.912,-0.381,-2.514,0.348,-709.767,-438.709,490.807
-1.593,-38.613,54.664,-122.336,-112.384,-125.138,-822.433,-56.291,199.462,0.765,-2.818,-0.676,-822.004,-53.7697,197.594
-14.494,-30.464,2.407,-97.047,-119.744,-130.925,-821.228,140.782,484.703,0.393,-2.635,-1.012,-821.519,142.356,483.286
-3.925,-47.337,-15.069,-104.336,-96.829,-51.66,-575.975,-60.682,822.083,-0.73,-1.658,0.324,-575.292,-58.6248,822.461
-4.744,-44.467,-53.214,-96.219,-116.962,-175.344,-304.16,-47,884.426,0.617,-1.428,-1.597,-302.717,-46.1767,885.351
23.446,-30.353,-55.188,-107.37,-94.353,-63.248,-377.145,-275.944,804.977,-0.104,-1.375,0.688,-375.186,-273.791,806.149
16.765,-25.435,4.66,-99.081,-137.734,-59.603,-808.812,-294.962,409.614,-0.532,-2.218,-0.673,-808.199,-293.664,408.25
-13.754,-27.28,-20.865,-101.103,-85.81,-50.415,-763.584,67.615,615.01,-0.912,-1.919,0.349,-763.279,68.6276,614.648
-58.917,-45.52,36.299,-121.217,-88.671,-154.369,-514.115,635.41,453.86,0.14,-2.654,-0.846,-512.877,638.892,453.262
-19.153,-30.272,58.792,-130.617,-128.677,-132.824,-791.247,212.325,73.29,-0.475,2.764,0.993,-790.177,215.095,71.1753
-12.694,-21.201,59.689,-138.027,-110.966,-35.034,-806.859,98.614,-61.082,-1.611,-2.327,-0.399,-804.668,102.075,-63.2609
-55.643,-38.79,3.384,-98.262,-82.052,-86.599,-537.671,571.198,588.625,-1.115,-2.109,-0.269,-537.591,573.961,588.268
-25.825,-47.686,-58.233,-95.142,-93.83,-6.832,-244.238,2.838,897.807,-1.047,-0.675,0.835,-242.348,4.12525,898.2
-27.764,-44.926,-54.181,-100.427,-99.393,-137.742,-295.586,47.231,892.289,0.08,-1.33,-1.233,-294.122,48.0561,893.087
-0.465,-45.038,-4.393,-97.382,-138.785,-168.721,-652.469,-42.581,736.786,1.045,-2.198,-1.639,-652.465,-41.125,736.458
-12.736,-37.25,-40.185,-102.37,-80.345,-169.945,-519.476,-9.055,823.01,1.052,-1.323,-1.115,-518.347,-8.23223,823.906
-53.142,-28.672,17.531,-109.504,-86.711,-176.456,-620.054,635.322,346.268,0.832,-2.693,-0.696,-619.627,637.837,344.973
28.274,-48.591,-20.62,-94.782,-59.114,-12.485,-380.441,-377.283,845.455,-0.491,-2.167,1.672,-378.948,-375.901,846.515
-34.491,-21.966,10.034,-102.083,-84.482,-66.718,-806.196,410.462,292.74,-1.284,-2.39,0.078,-805.943,412.709,291.148
19.995,-27.531,-53.144,-109.934,-133.051,-145.829,-434.631,-214.607,776.165,0.33,-1.482,-1.022,-433.131,-212.122,776.654
1.964,-25.738,-5.181,-94.964,-82.794,-134.704,-838.504,-149.278,464.219,1.043,-2.282,-0.146,-838.415,-148.689,463.666
19.242,-27.693,0.384,-100.681,-136.225,-5.966,-770.6,-322.5,479.643,-1.401,-1.629,0.014,-769.839,-320.892,478.314
21.961,-30.911,38.796,-128.311,-75.003,-4.81,-761.581,-449.161,233.151,-1.435,-2.533,0.868,-761.771,-446.839,232.187
10.154,-22.634,39.105,-120.286,-124.046,-96.828,-850.879,-217.76,97.943,0.309,-2.753,-0.833,-849.98,-215.281,95.8859
15.014,-46.123,14.543,-95.502,-90.714,-135.835,-699.127,-300.564,591.892,1.269,-2.165,-0.236,-699.05,-299.981,591.895
29.91,-47.822,18.614,-96.037,-106.35,-86.313,-606.627,-449.376,585.192,0.454,-2.433,-0.109,-606.382,-448.78,585.627
-37.755,-43.134,-40.961,-109.374,-87.17,-168.24,-392.144,160.144,880.46,0.582,-1.431,-1.64,-391.024,161.565,880.827
-26.552,-25.481,17.772,-95.418,-110.884,-128.017,-824.493,321.465,271.023,0.245,-3.061,-0.664,-824.5,323.15,268.939
11.366,-41.643,-41.125,-108.333,-126.557,-151.706,-393.355,-140.588,865.65,0.386,-1.469,-1.149,-392.258,-139.039,866.245
-22.299,-39.638,-20.919,-103.796,-84.888,-31.625,-621.794,128.446,770.324,-1.162,-1.47,0.523,-621.468,129.979,770.262
7.658,-45.333,-47.642,-103.729,-111.982,-6.286,-310.756,-121.016,895.072,-1.1,-0.842,1.11,-309.055,-118.994,895.551
-30.72,-43.632,-49.295,-103.68,-118.21,-104.187,-319.522,107.972,884.919,-0.623,-1.232,-0.974,-319.427,107.503,885.773
-9.119,-46.868,-32.865,-105.777,-84.08,-141.415,-445.747,-48.009,886.705,0.631,-1.386,-0.775,-444.295,-46.6701,887.832
-46.817,-22.539,19.407,-100.31,-87.209,-1.625,-695.616,573.956,215.464,-2.708,-1.128,0.194,-694.973,576.002,213.699
28.004,-21.895,-16.275,-104.619,-112.028,-49.504,-686.995,-454.794,518.881,-0.442,-2.132,0.26,-686.05,-453.54,518.612
28.994,-35.69,26.961,-96.442,-119.62,-94.301,-702.893,-469.168,352.092,0.688,-2.623,-0.618,-702.366,-468.715,351.174
-48.728,-28.603,-4.474,-108.122,-82.551,-33.474,-634.256,539.676,528.992,-1.743,-1.422,0.223,-633.994,541.678,528.388
-43.763,-33.775,-44.425,-109.279,-88.334,-80.712,-440.166,266.69,813.355,-0.627,-1.314,-0.47,-438.927,268.451,813.5
-49.522,-24.776,18.509,-103.821,-86.619,-103.241,-666.77,603.75,265.316,-0.857,-2.67,-0.185,-666.65,606.384,263.985
-50.026,-31.688,0.713,-103.864,-81.095,-15.626,-622.008,550.73,523.022,-2.068,-1.179,0.392,-621.762,552.69,522.125
-51.161,-30.986,21.314,-102.584,-87.78,-98.106,-633.412,605.622,333.415,-1.006,-2.586,-0.22,-633.141,608.451,332.072
-33.084,-35.937,28.654,-102.548,-118.458,-78.134,-747.682,402.25,352.139,-1.178,-2.532,-0.781,-747.133,405.017,350.315
-4.494,-23.493,-21.924,-100.078,-134.68,-46.966,-768.096,8.395,582.311,-1.179,-1.629,-0.418,-767.555,10.2303,580.883
-14.869,-26.648,34.101,-133.963,-91.087,-78.702,-891.13,124.027,219.16,-0.573,-2.437,-0.046,-890.46,127.191,217.626
-29.41,-29.607,-22.57,-100.222,-105.993,-73.19,-672.989,279.405,655.661,-0.963,-1.819,-0.42,-672.638,281.208,655.108
-59.289,-25.446,24.81,-100.78,-80.039,-159.958,-558.691,696.294,215.343,0.297,-2.878,-0.152,-558.51,698.983,214.109
-49.803,-25.717,-11.687,-94.629,-82.629,-54.297,-620.532,547.532,514.172,-1.582,-1.802,0.044,-620.51,549.475,513.382
15.606,-27.682,-13.355,-102.66,-70.77,-98.219,-724.15,-344.603,574.002,0.638,-2.103,0.445,-723.428,-343.852,574.544
-38.869,-31.565,-8.713,-95.417,-91.674,-159.748,-679.242,409.272,575.017,0.667,-2.464,-0.894,-679.645,410.93,574.575
-57.995,-41.014,34.832,-114.146,-89.69,-82.376,-535.55,647.742,386.91,-1.428,-2.224,-0.295,-534.401,651.151,385.903
21.918,-35.415,49.278,-117.567,-68.932,-172.307,-723.741,-442.322,189.398,2.199,-1.631,0.278,-723.38,-441.365,188.562
-3.882,-26.918,58.035,-127.362,-107.786,-127.222,-820.668,-29.936,11.441,-0.864,2.971,0.509,-819.99,-27.3509,9.46574
17.837,-49.224,55.034,-133.585,-119.619,-173.835,-726.668,-306.98,372.668,1.909,-1.862,-1.081,-726.265,-304.555,371.276
-31.342,-20.46,41.194,-138.447,-139.204,-35.672,-770.74,413.226,95.426,-1.793,-1.545,-0.935,-767.22,416.162,93.073
-32.102,-20.481,-11.535,-103.958,-103.532,-7.797,-771.091,376.665,457.899,-2.008,-1.16,0.171,-770.941,377.983,456.738
-20.314,-38.306,-19.361,-98.13,-97.688,-138.925,-649.463,135.096,736.328,0.434,-2.061,-0.888,-649.724,135.895,736.417
-29.849,-24.406,-44.931,-92.105,-97.914,-153.046,-597.437,229.563,694.949,0.499,-2.028,-1.185,-597.19,230.338,694.99
-30.343,-36.461,-41.345,-102.748,-96.56,-111.627,-486.5,168.79,819.942,-0.214,-1.603,-0.796,-485.73,170.092,820.288
-58.164,-36.377,-31.684,-92.336,-84.227,-111.114,-415.242,445.113,766.1,-0.565,-1.919,-0.82,-414.986,446.937,766.639
-22.52,-21.137,-24.075,-107.689,-83.476,-49.191,-773.559,191.735,567.405,-1.015,-1.786,0.319,-772.905,193.692,566.697
16.336,-40.366,-59.627,-109.624,-126.23,-153.554,-238.768,-133.048,865.17,0.227,-1.204,-1.055,-237.197,-131.202,865.53
16.973,-41.861,-51.021,-95.949,-94.915,-116.866,-317.403,-203.899,869.969,0.465,-1.341,-0.202,-315.117,-203.082,871.333
-20.941,-21.589,-54.507,-93.705,-123.089,-152.321,-558.887,144.854,706.634,0.237,-1.982,-1.505,-558.514,145.447,706.475
-13.922,-33.269,-2.359,-108.898,-129.377,-46.259,-771.236,131.785,590.529,-1.305,-1.599,-0.429,-770.782,133.843,589.18
7.995,-43.421,48.223,-126.255,-137.214,-111.554,-794.012,-161.86,350.06,0.337,-2.46,-1.147,-793.537,-158.95,348.75
28.921,-40.687,3.875,-105.588,-89.238,-98.531,-610.207,-464.14,625.6,0.727,-2.113,0.213,-609.886,-463.215,626.209
-54.677,-40.472,-65.734,-108.123,-88.83,-152.44,-222.498,122.136,865.641,0.101,-1.141,-1.845,-221.226,122.62,866.265
-17.998,-48.991,-76.115,-109.84,-109.582,-75.616,-44.597,-71.224,848.036,-0.486,-0.49,-0.164,-42.1053,-69.6531,848.367
-29.952,-26,-73.034,-98.449,-83.161,-138.332,-379.83,81.403,777.081,0.324,-1.307,-1.092,-378.167,81.7243,777.669
-20.422,-43.275,-50.959,-91.939,-103.319,-124.554,-359.334,37.282,873.698,-0.007,-1.537,-0.941,-358.117,38.2411,874.549
-37.649,-43.612,-36.478,-93.856,-94.671,-6.419,-432.167,203.478,853.482,-1.513,-0.783,0.536,-431.212,205.147,853.825
-46.444,-37.457,-29.991,-96.807,-80.441,-115.205,-496.726,343.366,778.337,-0.229,-1.888,-0.711,-496.296,345.078,778.851
-24.05,-24.655,-15.47,-91.68,-135.497,-177.685,-746.454,277.145,538.848,-0.992,2.361,1.393,-746.245,278.802,537.085
-27.745,-35.557,-4.159,-94.569,-100.744,-19.219,-726.467,275.159,594.643,-1.84,-1.47,0.149,-726.678,276.812,593.915
9.826,-44.105,-46.56,-109.291,-100.257,-95.646,-322.994,-152.046,893.139,0.011,-1.228,-0.044,-321.115,-150.252,894.157
-10.002,-30.223,-51.233,-108.507,-88.556,-163.983,-501.734,-24.704,797.863,0.818,-1.264,-1.184,-500.055,-23.6263,798.633
-47.457,-29.779,3.392,-95.312,-88.219,-161.56,-653.222,545.039,453.965,0.591,-2.695,-0.652,-653.757,547.134,452.96
2.437,-34.293,-47.734,-102.716,-106.283,-66.349,-472.042,-106.489,817.297,-0.495,-1.408,0.158,-470.662,-104.901,817.807
-6.533,-38.63,-1.072,-99.059,-86.952,-43.358,-765.399,-27.529,621.572,-1.013,-2.093,0.423,-765.381,-25.6361,620.929
6.128,-42.019,-67.383,-95.709,-104.339,-141.639,-206.729,-111.576,862.528,0.362,-1.13,-0.843,-204.612,-110.365,863.321
17.689,-31.277,-54.941,-104.648,-132.215,-156.51,-394.092,-182.31,805.022,0.455,-1.476,-1.191,-392.473,-180.549,805.817
6.979,-37.656,-19.664,-98.51,-108.133,-153.395,-642.772,-163.444,732.693,1.028,-1.828,-0.93,-642.427,-162.401,732.81
-47.165,-25.291,-52.606,-109.92,-85.191,-93.91,-448.694,312.877,758.63,-0.474,-1.39,-0.668,-447.568,313.577,758.945
-30.736,-32.235,-3.077,-108.295,-105.198,-33.444,-731.939,332.396,571.248,-1.606,-1.475,-0.034,-731.459,334.567,570.248
22.795,-31.26,-51.36,-95.334,-77.031,-126.754,-408.487,-310.489,789.787,0.946,-1.297,-0.005,-406.131,-309.519,791.137
-14.213,-26.3,10.776,-107.746,-87.882,-31.507,-883.23,106.825,365.403,-1.526,-2.101,0.341,-882.903,108.765,364.008
27.347,-40.211,-23.319,-97.337,-59.696,-94.911,-460.715,-408.652,780.199,0.88,-1.718,0.769,-458.081,-408.204,782.053
-48.801,-32.606,25.519,-109.31,-80.739,-83.351,-664.341,571.166,335.78,-1.188,-2.373,-0.02,-663.852,574.15,334.69
-41.49,-28.08,37.568,-129.334,-86.111,-179.601,-739.113,498.791,200.532,1.163,-2.539,-0.638,-737.781,501.961,198.812
-21.901,-26.662,-28.36,-100.223,-119.127,-98.435,-683.861,199.964,656.564,-0.567,-1.964,-0.841,-683.554,201.497,656.006
27.06,-49.672,15.089,-103.227,-133.445,-46.596,-603.718,-368.376,665.317,-0.648,-1.981,-0.14,-603.56,-366.095,665.358
-39.52,-49.106,54.817,-121.554,-137.987,-152.159,-630.703,456.558,362.991,-0.245,2.523,1.156,-629.053,459.959,360.973
-44.064,-29.245,44.141,-119.515,-80.398,-179.974,-705.279,509.613,141.449,1.152,-2.635,-0.244,-704.412,512.382,139.791
28.316,-23.44,34.091,-128.788,-87.247,-18.161,-735.349,-526.151,157.986,-1.023,-2.613,0.586,-734.93,-524.324,156.819
-7.618,-25.386,28.076,-97.389,-111.969,-54.452,-878.419,37.111,184.528,-1.095,-2.713,-0.517,-877.87,38.836,182.398
-40.82,-46.815,41.377,-111.321,-84.921,-96.728,-683.853,435.132,405.476,-0.754,-2.565,-0.145,-683.497,438.584,404.758
7.942,-39.771,14.22,-92.347,-90.304,-143.784,-779.056,-219.585,501.379,1.377,-2.301,-0.263,-778.924,-218.921,500.717
-29.339,-40.717,-16.395,-92.717,-103.749,-80.615,-611.977,240.428,736.804,-0.834,-1.942,-0.458,-612.058,241.975,736.817
-44.123,-40.128,-76.544,-90.06,-83.739,-148.478,-211.126,40.002,834.303,0.266,-1.213,-1.525,-209.796,40.022,835.149
-16.278,-23.322,-74.255,-93.973,-137.349,-52.73,-372.757,58.179,749.508,-1.178,-0.826,-0.262,-371.798,58.9187,749.209
-41.804,-23.602,-49.92,-95.942,-82.952,-74.989,-525.453,309.371,712.985,-0.754,-1.588,-0.231,-524.753,310.212,713.12
-35.394,-27.894,17.439,-99.69,-134.41,-121.509,-739.483,460.877,336.324,0.289,2.738,1.201,-739.037,463.41,334.427
-9.918,-28.472,1.368,-107.103,-112.751,-155.128,-843.727,68.14,481.726,1.005,-2.368,-1.041,-843.489,70.0656,479.829
0.448,-43.517,-6.882,-97.153,-106.516,-68.686,-674.349,-91.779,720.98,-0.543,-2.041,-0.079,-674.012,-89.7868,720.894
-25.405,-21.401,-36.25,-94.474,-99.172,-9.285,-692.832,222.149,620.744,-1.718,-1.17,0.436,-692.172,223.554,619.759
12.364,-30.869,-11.219,-94.869,-104.55,-23.907,-740.926,-253.806,584.428,-1.163,-2.017,0.412,-740.395,-252.594,584.06
-7.927,-30.181,-47.261,-95.981,-98.702,-32.809,-552.185,-21.095,769.759,-1.014,-1.377,0.519,-550.832,-19.5573,770.238
-40.401,-44.819,-65.782,-98.388,-87.549,-121.244,-217.395,36.885,877.904,-0.047,-1.127,-1.1,-215.499,37.5072,878.765
-15.827,-48.281,-44.151,-104.824,-138.122,-92.025,-292.483,33.034,904.287,-0.872,-1.115,-0.788,-291.325,34.8357,904.663
-50.698,-31.068,-61.055,-102.896,-88.692,-154.829,-342.101,242.314,812.599,0.211,-1.503,-1.664,-341.445,242.553,813.043
-57.469,-34.026,-68.621,-109.824,-84.912,-159.58,-251.267,177.221,832.99,0.227,-1.192,-1.949,-250.065,177.521,833.355
20.358,-26.009,-69.668,-103.019,-83.381,-37.164,-324.361,-247.064,781.128,-0.268,-1.309,1.171,-322.225,-244.791,781.859
21.201,-20.875,-37.595,-96.753,-97.564,-110.632,-631.3,-350.878,626.139,0.637,-1.897,-0.123,-630.128,-350.322,626.483
-16.798,-25.89,-0.384,-90.594,-122.871,-67.858,-831.729,182.763,429.08,-1.02,-2.354,-0.721,-831.718,184.294,427.535
-12.947,-33.651,8.667,-107.685,-100.794,-7.258,-833.044,94.318,494.715,-1.841,-1.551,0.355,-832.633,96.3866,493.324
1.941,-43.303,2.904,-108.084,-99.638,-151.934,-722.343,-120.747,672.66,1.085,-1.933,-0.779,-722.496,-119.396,672.292
2.085,-43.733,17.255,-109.506,-98.727,-99.842,-777.68,-126.055,569.028,0.17,-2.334,-0.242,-777.834,-123.977,568.643
-42.046,-45.75,2.64,-97.359,-86.431,-169.079,-601.314,387.187,681.834,0.825,-2.339,-0.979,-601.974,388.811,681.985
26.475,-36.768,-41.027,-94.125,-52.488,-121.038,-377.095,-366.28,810.817,1.212,-1.201,0.501,-374.629,-365.262,812.467
-21.16,-48.267,-53.1,-99.903,-110.84,-6.486,-255.352,13.033,906.311,-1.159,-0.485,0.73,-253.549,14.7627,906.714
-14.357,-26.694,-65.819,-106.659,-100.353,-118.293,-418.375,9.569,787.35,-0.005,-1.277,-0.753,-416.455,10.7125,787.801
-36.234,-25.815,-54.924,-102.56,-81.648,-141.217,-492.169,210.167,759.96,0.336,-1.583,-1.095,-491.124,210.878,760.312
4.955,-36.344,-68.986,-104.744,-93.744,-154.139,-252.211,-126.116,841.782,0.57,-0.934,-0.966,-249.756,-124.948,842.525
-48.142,-23.28,-64.739,-99.084,-88.447,-141.775,-399.176,278.307,752.637,0.077,-1.605,-1.379,-398.35,278.983,752.995
7.763,-23.16,-50.306,-105.966,-100.134,-69.297,-565.775,-172.95,725.616,-0.314,-1.554,0.251,-564.193,-171.403,726.163
21.817,-44.453,-7.936,-96.004,-88.219,-16.039,-572.621,-350.411,734.428,-0.989,-2.074,0.98,-571.845,-348.779,735.093
-33.093,-49.037,-11.58,-107.037,-117.922,-80.898,-509.595,247.175,828.179,-0.973,-1.537,-0.73,-509.331,248.678,828.488
8.651,-32.339,-15.142,-90.176,-135.684,-104.396,-713.934,-160.1,636.28,0.041,-2.216,-0.962,-713.958,-158.409,635.816
-40.948,-44.937,-41.32,-107.934,-86.269,-72.839,-364.207,164.016,892.009,-0.595,-1.189,-0.307,-362.759,165.334,892.779
9.807,-21.155,-12.417,-91.321,-115.138,-42.103,-817.679,-217.463,452.051,-0.941,-2.219,-0.101,-817.226,-216.184,450.793
29.508,-48.133,-60.507,-96.348,-93.709,-38.217,-116.486,-185.415,897.156,-0.294,-1.185,1.219,-113.901,-183.447,898.323
-15.668,-49.338,3.889,-105.906,-82.166,-47.025,-676.263,63.764,734.562,-0.948,-1.867,0.435,-675.86,66.1016,734.742
-0.364,-20.496,-0.187,-97.245,-93.033,-78.088,-887.067,-100.209,347.959,-0.298,-2.634,0.001,-886.99,-98.6547,346.202
6.934,-27.152,36.926,-137.85,-80.592,-90.755,-867.141,-230.216,211.13,0.237,-2.464,0.253,-867.077,-227.292,209.825
-33.991,-39.05,26.545,-95.699,-130.768,-124.974,-712.86,412.512,411.877,0.138,2.786,1.103,-712.728,414.947,409.876
-23.204,-47.603,-30.414,-96.383,-110.078,-171.019,-449.187,104.091,872.68,0.665,-1.839,-1.591,-448.923,105.493,873.006
-16.561,-49.796,-55.505,-99.042,-113.573,-109.836,-213.93,-16.045,908.763,-0.34,-1.171,-0.791,-212.11,-14.853,909.755
-53.464,-45.86,-63.123,-108.887,-88.102,-62.509,-194.217,74.044,889.671,-0.57,-0.718,-0.405,-192.725,74.7914,889.781
24.901,-48.013,-73.729,-97.079,-104.537,-61.746,-35.97,-114.31,861.735,-0.267,-0.903,0.748,-32.9634,-112.531,862.788
27.848,-39.05,-72.531,-102.385,-48.411,-72.206,-85.941,-230.831,833.931,0.784,-0.913,1.059,-81.1251,-229.379,835.171
-2.323,-45.955,-55.954,-105.922,-118.047,-97.661,-237.135,-60.963,895.415,-0.39,-1.087,-0.418,-235.08,-59.0963,896.05
-52.96,-28.213,-53.343,-104.165,-81.162,-123.137,-400.595,328.162,779.765,-0.136,-1.565,-1.092,-399.52,329.344,779.901
17.94,-42.637,-49.67,-98.106,-135.985,-108.534,-304.087,-151.091,871.711,-0.222,-1.452,-0.562,-302.516,-149.48,872.46
-36.097,-39.666,-48.892,-93.704,-108.242,-104.283,-381.536,174.665,849.546,-0.558,-1.509,-0.932,-380.828,175.65,850.165
2.139,-49.885,-11.294,-97.145,-126.222,-55.109,-556.487,-81.919,820.622,-0.904,-1.644,-0.171,-555.765,-79.9897,820.912
-1.135,-45.262,-37.966,-90.945,-104.256,-178.005,-435.789,-80.659,865.914,1.125,-1.488,-1.339,-434.761,-79.9979,867.005
-27.354,-48.761,-36.921,-104.869,-123.954,-162.472,-348.206,108.74,904.752,0.073,-1.699,-1.784,-347.485,110.516,905.156
-3.663,-48.622,-69.293,-95.783,-83.696,-176.114,-120.193,-110.872,878.182,0.791,-0.733,-1.373,-117.511,-110.434,879.021
-46.734,-42.095,-64.086,-92.749,-83.988,-21.543,-259.097,103.154,866.196,-1.003,-0.748,0.395,-257.789,103.924,866.833
-2.724,-24.004,-49.337,-100.474,-90.833,-71.899,-596.792,-80.032,722.483,-0.313,-1.652,0.192,-595.489,-78.6035,722.55
29.781,-24.423,-70.44,-98.496,-45.92,-21.207,-254.912,-337.893,760.87,0.23,-1.7,1.87,-251.602,-336.307,761.704
-51.782,-40.617,-20.436,-104.02,-85.485,-92.186,-472.151,411.731,778.823,-0.73,-1.721,-0.584,-471.737,413.518,779.316
-56.746,-36.985,15.395,-98.363,-89.833,-146.944,-545.658,630.577,464.798,0.009,-2.785,-0.62,-545.479,633.47,463.806
-6.078,-24.837,-28.659,-100.703,-88.044,-20.344,-741.496,-34.254,631.884,-1.269,-1.673,0.728,-740.667,-32.737,631.22
-7.942,-26.261,-12.46,-101.498,-121.009,-48.76,-802.963,43.912,549.718,-1.145,-1.837,-0.279,-802.421,45.7055,548.633
-1.126,-23.415,-49.484,-94.319,-124.45,-105.333,-593.256,-51.222,709.624,-0.213,-1.802,-0.74,-592.239,-49.8845,709.676
-59.784,-48.474,-69.422,-105.753,-83.803,-67.391,-148.417,20.144,878.373,-0.46,-0.686,-0.567,-147.012,20.5479,878.383
-35.439,-24.552,-14.605,-95.815,-90.405,-149.842,-727.583,383.534,521.675,0.529,-2.45,-0.771,-727.876,385.081,520.976
-47.038,-48.368,35.047,-115.204,-81.228,-3.491,-626.957,492.862,492.297,-2.285,-1.057,0.483,-626.487,495.52,492.031
-26.326,-34.023,58.746,-116.243,-80.203,-153.083,-776.412,245.057,84.518,0.95,-2.841,0.157,-776.359,247.624,82.8288
-30.707,-30.02,59.733,-110.588,-101.316,-78.156,-726.309,321.437,12.839,1.044,2.753,0.245,-725.17,324.071,10.563
-36.054,-42.433,1.998,-103.571,-105.223,-6.116,-643.387,359.067,659.743,-1.956,-0.962,0.187,-642.922,361.571,658.885
-53.213,-23.926,26.178,-102.221,-87.185,-132.806,-622.936,641.824,181.489,-0.261,-2.971,-0.142,-622.265,644.462,179.61
19.147,-35.576,-42.923,-105.178,-99.028,-49.192,-439.337,-254.736,819.838,-0.416,-1.493,0.72,-437.94,-252.77,820.837
-21.48,-26.168,-74.207,-90.892,-86.785,-8.34,-388.614,30.465,770.677,-1.092,-0.931,0.914,-386.785,31.2835,771.06
-3.36,-42.396,-64.568,-105.088,-113.403,-76.614,-217.252,-63.872,870.579,-0.511,-0.93,-0.047,-215.159,-62.168,871.208
29.363,-25.319,-39.45,-92.325,-130.521,-91.663,-535.047,-365.332,687.961,0.06,-1.886,-0.363,-533.906,-363.929,688.625
8.528,-26.798,-42.375,-90.613,-132.053,-157.045,-593.72,-143.981,714.46,0.808,-1.917,-1.357,-593.312,-142.843,714.247
-43.361,-21.906,-38.59,-95.323,-88.599,-150.492,-586.205,399.959,641.191,0.344,-2.153,-1.093,-586.003,401.266,641.13
-9.866,-49.255,13.859,-101.042,-86.394,-38.668,-730.276,9.932,649.853,-1.176,-2.057,0.433,-730.186,12.1319,649.717
22.074,-46.315,1.897,-104.691,-42.855,-11.029,-556.412,-409.518,723.061,-0.638,-2.469,1.773,-555.812,-407.901,723.877
13.238,-25.113,-13.543,-102.191,-116.23,-97.457,-769.242,-256.459,540.891,0.158,-2.204,-0.455,-768.834,-255.428,540.306
10.882,-20.128,-27.317,-99.639,-111.207,-65.45,-750.488,-225.708,561.621,-0.458,-2.052,-0.023,-749.676,-224.053,560.839
-25.227,-36.239,1.21,-91.47,-93.759,-8.901,-757.664,241.193,555.365,-2.04,-1.498,0.321,-757.928,242.919,554.35
-8.796,-23.141,-54.209,-109.209,-98.683,-104.672,-554.765,-12.254,741.673,-0.048,-1.471,-0.442,-553.252,-10.6505,741.748
5.872,-33.65,9.014,-96.21,-81.689,-5.055,-815.675,-206.68,466.469,-1.727,-2.185,0.693,-815.43,-205.404,465.685
29.191,-35.125,36.034,-122.051,-124.452,-125.487,-715.526,-472.733,318.235,1.165,-2.243,-0.814,-715.302,-470.912,317.079
10.005,-48.822,8.49,-105.885,-136.311,-101.748,-659.067,-167.43,709.463,-0.069,-2.076,-0.88,-659.021,-165.266,709.407
-48.913,-20.441,-18.725,-99.016,-83.035,-166.278,-633.018,543.493,500.986,0.659,-2.408,-0.92,-633.218,545.142,500.257
14.292,-26.78,-61.482,-109.854,-100.5,-26.813,-401.689,-199.619,787.255,-0.698,-1.134,1.048,-399.418,-197.626,787.945
15.102,-20.456,-58.138,-102.815,-117.504,-4.305,-508.673,-211.141,718.018,-1.244,-1.069,1.011,-507.053,-209.242,718.047
-23.076,-30.714,7.152,-90.624,-124.291,-63.092,-796.344,269.957,439.381,-1.25,-2.284,-0.778,-796.269,271.895,437.813
18.62,-34.225,-3.439,-100.115,-83.372,-2.438,-706.061,-364.045,582.608,-1.388,-2.142,0.996,-705.443,-362.903,582.342
-4.218,-36.742,33.202,-131.776,-105.44,-111.346,-858.503,-25.265,379.051,0.222,-2.367,-0.53,-858.248,-22.0432,377.566
-45.441,-29.175,-23.611,-96.221,-86.03,-27.275,-592.3,436.832,647.041,-1.691,-1.279,0.256,-592.083,438.2,646.915
-49.15,-39.09,-15.249,-98.786,-86.289,-166.185,-527.988,434.485,722.567,0.585,-2.224,-1.22,-528.133,436.304,722.737
-48.158,-27.076,22.46,-102.482,-88.616,-170.328,-672.944,583.005,263.26,0.829,-2.844,-0.385,-672.983,585.151,261.646
-48.523,-24.299,7.54,-100.168,-88.658,-156.148,-669.414,587.846,346.431,0.442,-2.78,-0.548,-669.594,590.005,345.015
-26.934,-48.959,2.668,-109.251,-92.344,-164.713,-639.823,205.511,744.852,0.866,-2.021,-1.124,-639.85,207.428,744.971
-43.361,-46.737,-15.301,-91.567,-88.025,-84.47,-506.644,323.448,792.662,-0.826,-1.877,-0.377,-506.258,325.817,793.139
15.591,-28.368,-46.846,-108.002,-55.179,-18.331,-473.947,-294.746,768.093,-0.298,-1.755,1.62,-471.852,-293.03,768.924
-47.653,-40.621,-64.084,-101.864,-86.372,-35.609,-255.749,110.616,866.025,-0.824,-0.742,0.142,-254.211,111.331,866.476
-39.652,-42.687,-53.956,-95.093,-104.112,-50.515,-307.818,139.146,875.152,-1.023,-0.917,-0.169,-306.899,139.678,875.452
18.229,-29.893,-26.176,-109.922,-107.828,-114.865,-624.986,-294.732,698.78,0.459,-1.759,-0.361,-624.148,-293.249,699.19
-31.5,-47.505,-9.502,-101.453,-117.439,-132.709,-551.596,253.755,792.13,-0.14,-2.137,-1.277,-551.365,255.81,792.206
0.129,-43.699,-0.434,-105.408,-107.833,-104.818,-703.509,-86.306,697.277,0.089,-2.108,-0.478,-703.561,-84.3161,697.089
12.683,-49.182,-69.317,-97.719,-118.743,-32.192,-75.451,-88.31,873.897,-0.806,-0.694,0.884,-72.8478,-86.4497,874.59
28.04,-21.18,-25.782,-95.409,-58.871,-80.91,-613.995,-499.743,560.935,0.681,-2.182,0.956,-611.982,-499.461,561.273
10.366,-36.82,-16.567,-96.217,-136.853,-85.143,-650.226,-169.409,711.303,-0.382,-1.948,-0.679,-649.984,-167.569,711.089
27.331,-24.916,-26.708,-92.311,-61.648,-42.285,-591.244,-473.265,609.095,-0.118,-2.412,1.226,-589.832,-472.475,609.755
-30.409,-28.701,35.473,-136.746,-95.674,-152.466,-816.485,360.71,245.129,0.679,-2.53,-0.778,-815.334,363.733,243.316
-38.814,-20.106,32.37,-136.566,-83.728,-77.248,-780.776,474.843,137.884,-1.062,-2.3,-0.037,-779.018,478.49,136.16
3.98,-42.348,-6.784,-95.219,-138.471,-114.989,-664.785,-94.536,716.611,0.059,-2.162,-1.128,-664.7,-92.8526,716.297
2.088,-32.385,-39.603,-109.626,-101.268,-11.401,-554.031,-113.656,786.122,-1.128,-1.169,0.957,-552.673,-111.524,786.465
7.688,-20.64,-62.624,-109.204,-124.445,-54.012,-476.506,-127.566,734.994,-0.804,-1.14,0.231,-474.87,-125.624,735.02
-58.35,-22.297,-58.698,-105.133,-87.149,-63.995,-372.567,388.143,740.138,-0.96,-1.123,-0.421,-371.297,389.455,740.236
19.614,-47.4,-59.753,-99.619,-90.583,-33.336,-154.581,-170.245,897.727,-0.382,-1.117,1.182,-151.824,-168.157,898.954
15.849,-23.109,-34.731,-91.201,-42.158,-36.481,-621.96,-354.136,640.287,-0.19,-2.323,1.556,-620.44,-353.291,640.553
-41.005,-43.065,13.444,-109.237,-88.059,-144.643,-658.94,423.238,590.028,0.309,-2.408,-0.788,-658.752,425.95,589.8
29.601,-44.133,-5.576,-109.849,-53.294,-177.406,-489.028,-460.846,749.465,1.759,-0.587,-0.079,-487.693,-459.109,751.098
-30.564,-35.974,55.924,-130.144,-88.726,-11.011,-771.135,324.888,160.569,-2.299,-1.632,0.239,-770.075,328.258,158.779
-47.451,-44.873,-7.195,-100.859,-88.244,-45.169,-527.81,408.741,744.673,-1.457,-1.431,0.006,-527.794,410.296,745.232
-20.847,-25.636,-77.146,-102.805,-90.28,-174.929,-346.771,15.588,775.901,0.677,-1.089,-1.626,-344.912,16.2648,776.125
20.035,-20.594,-26.887,-109.05,-64.982,-4.454,-672.32,-399.094,584.497,-0.964,-2.123,1.518,-671.272,-397.436,584.225
-7.79,-23.46,36.605,-123.861,-108.597,-126.239,-890.493,36.859,129.732,0.622,-2.793,-0.626,-890.025,39.2735,127.842
-53.02,-24.953,-30.655,-100.26,-83.871,-88.016,-527.609,503.624,644.549,-0.868,-1.823,-0.463,-527.14,505.301,644.511
14.465,-33.807,-35.076,-92.566,-86.08,-175.768,-554.071,-262.013,754.51,1.544,-1.223,-0.769,-552.497,-261.817,755.074
-50.68,-48.912,-64.61,-103.69,-84.351,-121.098,-173.625,26.751,893.425,-0.07,-0.994,-1.271,-171.902,27.1635,894.137
8.366,-30.936,-48.673,-95.819,-132.896,-20.353,-489.547,-125.894,782.354,-1.27,-1.047,0.429,-488.299,-123.895,782.13
-34.316,-41.607,-7.324,-90.104,-134.526,-5.401,-592.101,341.047,699.504,-1.951,-0.712,-0.358,-591.741,343.237,698.699
29.257,-29.672,11.582,-94.114,-102.051,-118.619,-704.288,-501.225,382.291,1.278,-2.423,-0.282,-703.372,-500.898,381.577
-1.347,-49.473,-70.628,-95.888,-83.374,-51.505,-92.782,-116.626,875.562,-0.223,-0.94,0.654,-89.9821,-115.535,876.439
15.724,-42.054,-54.618,-97.608,-69.779,-20.19,-271.877,-219.783,873.535,-0.364,-1.456,1.471,-269.488,-218.241,874.391
23.86,-38.946,-11.651,-107.155,-119.822,-120.064,-594.884,-338.368,719.43,0.566,-1.864,-0.577,-594.423,-336.948,719.698
11.439,-25.018,-17.962,-101.875,-87.194,-140.186,-754.787,-268.961,565.945,1.153,-1.875,-0.325,-754.075,-268.635,566.187
-26.152,-40.722,6.724,-94.149,-104.263,-68.955,-731.051,258.88,581.019,-1.082,-2.218,-0.343,-731.148,261.121,580.057
-48.51,-41.894,-50.582,-108.444,-89.427,-161.817,-309.265,183.37,882.005,0.3,-1.393,-1.792,-308.14,184.024,882.889
12.502,-32.602,-46.607,-109.932,-130.804,-31.242,-454.284,-157.582,806.186,-1.069,-1.009,0.516,-452.939,-155.129,806.138
-1.485,-38.846,20.847,-94.806,-88.249,-178.018,-825.027,-91.525,437.48,1.936,-2.04,-0.367,-824.278,-90.4484,435.698
-3.804,-32.683,32.287,-136.002,-98.27,-54.026,-878.097,-40.254,333.729,-0.857,-2.161,0.118,-877.541,-36.3019,332.099
15.653,-42.642,-24.286,-92.801,-107.065,-65.794,-528.216,-236.846,798.796,-0.337,-1.882,0.186,-527.537,-235.258,799.487
-54.871,-48.547,4.133,-95.944,-85.079,-102.24,-489.622,492.335,702.219,-0.794,-2.172,-0.516,-489.476,495.121,702.544
10.64,-24.382,-26.706,-97.695,-119.791,-68.062,-717.611,-204.82,613.213,-0.498,-1.981,-0.193,-716.791,-203.502,612.956
-39.23,-28.843,29.133,-96.173,-119.839,-65.378,-714.145,493.399,230.74,-1.618,-2.526,-0.808,-713.297,496.195,228.843
-35.861,-42.034,47.165,-121.7,-132.34,-120.849,-694.703,434.451,326.495,0.379,2.815,1.279,-692.989,437.771,324.489
-26.226,-23.11,55.083,-128.886,-106.985,-165.809,-779.629,287.603,-18.257,-1.219,2.699,0.415,-779.057,289.549,-20.4878
-7.195,-40.934,13.464,-106.788,-86.513,-134.663,-801.648,-14.908,555.416,0.8,-2.258,-0.358,-801.885,-13.2723,555.05
-48.568,-26.984,57.718,-113.778,-82.761,-74.012,-619.67,519.09,-10.725,1.638,2.576,-0.242,-617.875,522.38,-13.119
-40.372,-43.205,6.116,-95.139,-85.097,-174.066,-645.125,394.692,619.08,1.01,-2.395,-0.835,-645.487,396.715,618.704
0.694,-49.542,25.344,-98.233,-129.094,-157.102,-746.277,-67.318,569.741,1.308,-2.451,-1.259,-746.209,-65.3983,568.576
-41.94,-31.681,37.356,-122.474,-80.641,-37.504,-731.65,490.893,243.814,-1.928,-1.858,0.281,-730.722,494.225,242.597
10.287,-35.677,-1.9,-90.491,-88.732,-19.229,-748.104,-249.534,569.327,-1.291,-2.241,0.605,-747.746,-248.659,568.746
-33.013,-47.894,35.441,-125.32,-106.141,-77.63,-709.558,356.851,505.809,-1.028,-2.085,-0.505,-708.484,360.293,504.856
-0.93,-45.732,16.677,-104.321,-129.685,-17.775,-752.032,-45.337,602.522,-1.524,-1.542,-0.128,-751.657,-43.0608,601.53
-53.33,-31.045,-7.371,-91.844,-80.45,-83.715,-574.269,564.092,550.838,-1.14,-2.144,-0.166,-574.291,566.345,550.314
-27.731,-20.052,-60.822,-104.97,-82.414,-129.439,-527.407,141.391,724.074,0.268,-1.503,-0.848,-526.087,142.298,724.289
-17.86,-28.655,-5.819,-106.228,-119.303,-135.683,-793.418,182.514,542.374,0.291,-2.403,-1.131,-793.375,184.325,541.144
-36.872,-42.723,-25.294,-102.779,-113.395,-104.277,-484.821,267.497,821.949,-0.661,-1.702,-0.995,-483.981,269.977,822.182
-7.313,-22.495,-24.629,-92.358,-119.515,-125.367,-777.443,29.982,564.116,0.294,-2.337,-0.963,-777.394,31.0328,563.265
-25.244,-23.799,-14.516,-94.058,-102.98,-25.886,-780.646,266.951,507.942,-1.741,-1.616,0.055,-780.381,268.486,506.779
9.54,-48.551,-65.057,-99.346,-137.457,-26.476,-109.764,-67.615,876.184,-1.116,-0.499,0.708,-107.784,-65.632,876.626
6.317,-35.978,-12.277,-104.09,-138.392,-12.7,-687.367,-124.549,689.434,-1.458,-1.197,0.127,-686.845,-122.119,688.452
-12.363,-28.616,-54.025,-90.309,-98.69,-37.541,-524.242,15.577,765.012,-1.008,-1.378,0.397,-522.904,16.7926,765.376
-52.44,-43.793,-73.633,-108.384,-83.337,-172.256,-164.356,18.922,855.459,0.381,-0.891,-2.161,-162.616,19.2571,855.982
15.799,-32.425,-51.746,-99.434,-59.744,-95.102,-404.585,-271.376,805.574,0.69,-1.378,0.548,-402.029,-270.051,806.975
5.157,-36.201,-18.538,-99.687,-104.686,-108.866,-670.785,-149.806,710.903,0.262,-2.008,-0.407,-670.442,-148.385,711.163
-32.069,-29.417,-64.056,-98.04,-115.124,-96.389,-378.766,149.605,796.422,-0.678,-1.273,-0.853,-377.936,150.298,796.625
-38.2,-41.303,-3.511,-99.816,-118.82,-66.864,-601.813,384.23,681.035,-1.349,-1.717,-0.695,-601.822,386.273,680.48
-49.656,-37.959,-48.835,-95.384,-82.869,-106.207,-372.691,253.862,839.226,-0.356,-1.549,-0.811,-371.798,254.993,839.941
11.093,-29.246,-41.355,-108.657,-98.559,-97.822,-553.686,-207.65,759.803,0.146,-1.577,-0.071,-552.365,-206.191,760.52
-16.539,-43.739,-7.754,-103.488,-105.705,-77.985,-660.064,104.657,741.643,-0.66,-1.892,-0.322,-659.81,106.627,741.792
-32.645,-49.598,-60.632,-94.133,-99.53,-179.589,-198.727,13.683,899.9,0.506,-1.304,-1.941,-197.623,14.1928,900.682
0.31,-35.422,-9.184,-97.966,-89.683,-112.255,-747.217,-114.472,635.578,0.442,-2.186,-0.201,-747.162,-113.408,635.361
-46.229,-40.014,-46.783,-95.17,-85.864,-107.772,-378.008,227.717,850.794,-0.332,-1.56,-0.824,-376.976,229.293,851.499
-34.185,-20.207,-2.887,-105.696,-96.452,-18.58,-787.884,413.223,385.092,-1.989,-1.451,0.149,-787.583,415.081,383.54
-58.807,-42.706,59.409,-129.947,-88.846,-142.915,-513.793,632.013,226.515,-0.139,-2.854,-0.469,-511.882,635.771,225.471
11.957,-22.503,40.109,-119.693,-127.682,-118.883,-840.668,-239.465,89.379,0.904,-2.719,-1.007,-839.653,-237.514,86.9852
-14.618,-40.348,35.455,-115.479,-136.363,-139.146,-810.504,159.037,396.455,0.519,-2.749,-1.406,-810.008,161.425,394.409
-4.42,-44.357,46.117,-110.167,-85.15,-115.607,-817.474,-54.635,326.23,0.538,-2.756,0.001,-817.867,-52.6179,325.248
-39.862,-27.757,42.829,-117.915,-137.679,-75.875,-690.935,512.413,152.14,-1.411,-2.465,-1.289,-688.557,515.365,150.036
13.768,-47.354,-2.093,-105.453,-93.192,-102.351,-612.961,-258.664,750.11,0.421,-1.963,-0.037,-612.664,-257.263,751.081
-0.765,-25.107,-63.795,-92.135,-125.772,-163.486,-458.012,-55.062,756.864,0.552,-1.676,-1.462,-456.752,-54.2733,757.356
0.687,-46.867,0.378,-99.599,-104.124,-83.202,-677.962,-98.024,717.239,-0.253,-2.133,-0.187,-677.938,-96.2159,717.296
-56.077,-49.772,-26.998,-97.24,-85.592,-112.738,-350.342,313.133,880.364,-0.446,-1.712,-0.957,-350.06,314.375,881.447
-23.031,-33.924,27.992,-107.21,-109.789,-158.952,-823.284,260.367,332.696,1.074,-2.802,-0.803,-823.19,262.41,330.766
-55.334,-41.699,13.223,-104.085,-88.245,-170.057,-540.192,582.956,561.948,0.591,-2.607,-0.947,-540.142,585.77,561.544
-39.3,-40.081,-10.27,-95.931,-104.641,-11.812,-593.224,370.423,698.77,-1.9,-0.985,0.125,-592.959,372.603,698.27
-1.855,-41.022,-11.474,-95.002,-128.971,-40.932,-665.307,-36.493,724.123,-1.19,-1.617,-0.203,-664.823,-34.7043,723.865
-50.767,-38.934,-1.8,-90.054,-88.245,-132.037,-563.182,511.666,611.226,-0.176,-2.543,-0.658,-563.76,513.886,610.811
-10.476,-38.637,32.537,-136.317,-100.16,-77.997,-846.556,59.213,421.734,-0.526,-2.157,-0.179,-845.921,63.1836,420.258
-46.32,-46.624,26.876,-105.111,-85.921,-160.13,-626.076,487.384,517.029,0.586,-2.618,-0.664,-626.124,490.171,516.796
18.249,-28.789,54.476,-138.308,-90.634,-143.243,-767.553,-368.505,84.477,1.612,-2.242,-0.177,-766.819,-366.616,83.3045
-3.618,-40.937,-8.509,-94.628,-128.43,-34.761,-685.643,-15.425,703.892,-1.304,-1.586,-0.182,-685.215,-13.8251,703.595
8.23,-43.42,14.037,-99.122,-130.803,-142.096,-746.782,-164.872,583.468,0.987,-2.344,-1.196,-746.667,-163.454,582.512
-59.474,-26.937,17.71,-91.526,-84.02,-167.13,-546.169,691.946,281.669,0.473,-2.928,-0.201,-546.083,694.581,280.349
-31.196,-46.989,-12.523,-107.559,-116.943,-82.921,-534.602,239.075,813.178,-0.911,-1.586,-0.718,-534.073,241.095,813.136
18.08,-26.557,-54.453,-107.565,-101.353,-35.079,-452.887,-245.841,771.636,-0.627,-1.348,0.906,-451.274,-243.706,772.254
-4.095,-40.23,-29.308,-95.285,-83.738,-49.534,-571.906,-78.035,800.43,-0.633,-1.758,0.545,-571.028,-76.3501,800.874
-8.804,-28.918,4.976,-109.574,-100.619,-119.742,-858.595,36.917,460.061,0.355,-2.405,-0.53,-858.555,39.2532,458.686
16.114,-48.906,26.398,-102.254,-60.073,-38.384,-687.41,-356.218,554.677,-0.61,-2.662,1.083,-687.286,-355.153,555.006
12.384,-30.922,42.901,-138.492,-99.427,-113.07,-830.934,-281.656,217.301,0.7,-2.409,-0.279,-830.681,-279.104,215.931
-57.779,-23.475,6.206,-93.397,-87.871,-78.252,-565.726,685.021,331.096,-1.58,-2.299,-0.148,-565.297,687.732,329.729
16.169,-41.556,-17.752,-94.551,-56.7,-35.61,-553.286,-321.889,762.457,-0.328,-2.201,1.325,-552.403,-320.494,763.278
22.311,-32.479,-58.481,-104.005,-84.692,-57.323,-331.602,-262.542,821.551,-0.039,-1.362,0.876,-329.34,-260.487,822.885
15.172,-24.616,-68.547,-92.979,-112.408,-117.015,-394.725,-187.767,759.453,0.226,-1.47,-0.451,-392.708,-186.718,760.202
-53.353,-40.286,-60.994,-101.235,-89.731,-26.975,-259.397,164.889,866.95,-0.998,-0.626,0.153,-258.36,165.512,867.261
-28.18,-29.861,-22.209,-106.361,-97.333,-170.376,-681.376,252.46,667.667,0.886,-2.022,-1.299,-681.116,253.717,667.384
-29.185,-27.835,-17.38,-107.228,-129.5,-112.512,-684.204,316.472,620.06,-0.582,-2.092,-1.244,-684.001,318.578,619.132
26.663,-47.804,-52.999,-91.423,-92.733,-141.274,-195.863,-216.387,898.532,0.83,-1.087,-0.392,-193.067,-215.797,899.988
-3.836,-34.873,-71.949,-106.935,-133.124,-30.599,-235.449,-37.16,819.07,-1.081,-0.436,0.492,-233.567,-35.1693,818.971
-37.799,-44.788,-32.523,-109.354,-94.626,-19.989,-424.89,199.362,874.132,-1.222,-0.811,0.402,-423.545,201.295,874.593
-30.126,-37.761,-50.082,-99.564,-114.866,-150.901,-394.191,142.328,844.219,0.04,-1.669,-1.565,-393.607,143.287,844.671
-46.245,-28.021,7.229,-107.816,-80.419,-33.405,-688.195,539.606,423.476,-1.884,-1.599,0.288,-687.799,542.04,422.7
-42.759,-29.107,19.632,-94.998,-81.123,-143.506,-721.881,499.792,305.224,0.298,-2.838,-0.12,-722.153,502.097,303.891
-46.833,-45.656,43.575,-110.55,-81.853,-85.973,-641.145,504.991,368.452,-1.131,-2.475,-0.015,-640.805,508.324,367.925
9.048,-43.997,21.682,-93.611,-83.887,-83.255,-760.15,-241.662,500.727,0.091,-2.697,0.232,-760.36,-240.582,500.459
-49.175,-36.765,35.143,-111.259,-82.24,-46.782,-648.117,564.218,316.232,-1.943,-1.919,0.16,-647.33,567.447,314.914
-29.211,-34.554,17.015,-104.63,-82.288,-104.723,-798.317,307.332,429.526,-0.272,-2.554,-0.113,-798.397,309.693,428.317
-45.702,-35.104,-20.724,-101.893,-81.138,-69.945,-561.57,400.12,714.296,-0.973,-1.697,-0.141,-560.996,402.584,714.104
-56.602,-40.589,-3.274,-95.352,-82.455,-140.626,-501.887,541.651,655.332,-0.05,-2.413,-0.794,-501.938,544.136,655.28
-5.551,-39.988,32.976,-120.065,-100.16,-63.445,-843.888,-14.226,402.446,-0.753,-2.358,-0.061,-843.665,-11.2877,401.397
14.881,-32.292,49.288,-137.127,-102.212,-99.547,-803.371,-309.716,179.621,0.478,-2.553,-0.241,-803.223,-307.102,178.337
-10.636,-46.869,9.04,-107.783,-99.434,-126.064,-725.622,38.029,671.679,0.399,-2.197,-0.633,-725.594,40.0922,671.821
27.795,-35.043,-32.128,-107.233,-73.958,-101.035,-458.051,-391.104,780.639,0.758,-1.504,0.457,-456.381,-389.496,782.167
-37.332,-48.811,-30.042,-102.579,-106.204,-91.243,-396.027,193.168,889.759,-0.706,-1.43,-0.745,-395.136,194.822,890.308
-44.369,-38.356,2.368,-101.289,-85.635,-100.333,-634.948,458.36,596.849,-0.646,-2.255,-0.39,-635.045,461.043,596.364
24.86,-49.8,40.94,-136.977,-96.347,-113.15,-667.016,-420.521,506.458,0.823,-2.001,-0.1,-667.3,-418.213,506.889
-12.421,-42.352,48.134,-135.157,-88.573,-39.288,-833.759,68.492,332.434,-1.288,-2.121,0.324,-833.14,72.241,331.193
-38.152,-22.2,30.343,-118.812,-94.6,-133.934,-770.76,473.426,150.879,0.126,-2.885,-0.431,-770.061,476.125,148.993
28.238,-36.003,27.422,-102.828,-131.641,-67.585,-715.114,-447.107,374.545,-0.048,-2.437,-0.635,-714.649,-445.97,373.766
-39.873,-36.169,-39.787,-102.068,-96.176,-136.481,-465.884,258,811.652,0.012,-1.753,-1.226,-465.363,259.506,812.114
-19.592,-47.718,-67.971,-92.666,-103.407,-106.985,-163.487,-37.524,877.757,-0.238,-1.089,-0.697,-161.451,-36.8398,878.671
-8.527,-37.606,-65.031,-97.162,-132.303,-65.43,-280.956,-12.256,840.276,-0.938,-0.928,-0.212,-279.637,-11.1588,840.263
16.989,-23.607,-26.358,-101.391,-94.496,-5.34,-695.249,-320.451,602.933,-1.282,-1.823,0.973,-694.152,-319.2,602.568
